case_folder,mode,case_size,avg_runtime_sec,median_runtime_sec,runs,regime
matpower/case14,ACTIVESET,14,0.37562500000000004,0.35717849999999995,6,small
matpower/case14,ACTIVESET_B500,14,0.3787308333333333,0.33302200000000004,6,small
matpower/case14,ACTIVESET_B5000,14,0.37077766666666667,0.3497395,6,small
matpower/case14,ACTIVESET_LAZY,14,0.36055750000000003,0.3367825,6,small
matpower/case14,ACTIVESET_LAZY_TOPK128,14,0.37214083333333337,0.339389,6,small
matpower/case14,ACTIVESET_NOCLEAN,14,0.37744099999999997,0.3534595,6,small
matpower/case14,LAZY_ALL,14,0.340209,0.2950505,6,small
matpower/case14,LAZY_BANDIT,14,0.3455626666666667,0.3186065,6,small
matpower/case14,LAZY_COMMIT_GNN_T060,14,0.5052116666666667,0.532166,6,small
matpower/case14,LAZY_COMMIT_HINTS,14,0.5025153333333333,0.5409455000000001,6,small
matpower/case14,LAZY_GNN_T060,14,0.34875649999999997,0.324623,6,small
matpower/case14,LAZY_GNN_T080,14,0.3367715,0.29969049999999997,6,small
matpower/case14,LAZY_TOPK128,14,0.34552316666666666,0.318988,6,small
matpower/case14,RAW,14,3.2031396666666665,3.4591564999999997,6,small
matpower/case14,RAW_COMMIT_HINTS,14,2.8497863333333338,2.523484,6,small
matpower/case14,RAW_GNN,14,0.3557305,0.320548,6,small
matpower/case14,SHRINK_LAZY,14,0.35452,0.3471435,6,small
matpower/case14,STREDUCE,14,3.7136611666666663,0.7924685,6,small
matpower/case14,STREDUCE_AGGRESSIVE,14,3.636548833333333,0.7992600000000001,6,small
matpower/case14,STREDUCE_CONSERVATIVE,14,6.856260666666667,1.8379975,6,small
matpower/case14,STREDUCE_GRU,14,3.7134593333333332,0.811912,6,small
matpower/case14,STREDUCE_LAZY,14,3.7805233333333335,0.42821750000000003,6,small
matpower/case14,STREDUCE_LAZY_AGGRESSIVE,14,3.740024833333333,0.388336,6,small
matpower/case14,STREDUCE_LAZY_CONSERVATIVE,14,6.970737500000001,2.2058765,6,small
matpower/case14,STREDUCE_LAZY_GRU,14,3.7711998333333328,0.39578349999999995,6,small
matpower/case14,WARM,14,3.2294823333333333,3.493977,6,small
matpower/case14,WARM_ACTIVESET,14,0.4119021666666667,0.37167700000000004,6,small
matpower/case14,WARM_ACTIVESET_LAZY,14,0.3849801666666666,0.3618825,6,small
matpower/case14,WARM_BRANCH_HINTS,14,3.266061166666667,3.5536965,6,small
matpower/case14,WARM_COMMIT_HINTS,14,3.269670833333333,3.5415455,6,small
matpower/case14,WARM_GRU,14,3.3297361666666667,3.6117055,6,small
matpower/case14,WARM_LAZY,14,0.36595416666666664,0.34271050000000003,6,small
matpower/case14,WARM_LAZY_BANDIT,14,0.3659326666666667,0.323857,6,small
matpower/case14,WARM_LAZY_BRANCH_HINTS,14,0.36514766666666665,0.3384905,6,small
matpower/case14,WARM_LAZY_COMMIT_GNN_T060,14,0.37126349999999997,0.3294745,6,small
matpower/case14,WARM_LAZY_COMMIT_GRU,14,0.3777871666666666,0.3503095,6,small
matpower/case14,WARM_LAZY_COMMIT_HINTS,14,0.36793666666666663,0.34600200000000003,6,small
matpower/case14,WARM_LAZY_GNN_T060,14,0.3695918333333333,0.348349,6,small
matpower/case14,WARM_LAZY_GRU,14,0.3571175,0.31674199999999997,6,small
matpower/case14,WARM_LAZY_ML_STACK,14,0.3833041666666667,0.3594175,6,small
matpower/case14,WARM_LAZY_TOPK128,14,0.3599056666666667,0.32057800000000003,6,small
matpower/case14,WARM_LPSCREEN_LAZY_T010,14,0.4847055,0.4640105,6,small
matpower/case14,WARM_LPSCREEN_LAZY_T020,14,0.4797881666666666,0.435778,6,small
matpower/case14,WARM_LPSCREEN_LAZY_T030,14,0.48839783333333336,0.463264,6,small
matpower/case14,WARM_LPSCREEN_LAZY_T050,14,0.4812376666666667,0.4590995,6,small
matpower/case14,WARM_LPSCREEN_LAZY_T080,14,0.47896933333333336,0.447472,6,small
matpower/case14,WARM_LPSCREEN_T010,14,0.5065115,0.468682,6,small
matpower/case14,WARM_LPSCREEN_T020,14,0.49034266666666665,0.402401,6,small
matpower/case14,WARM_LPSCREEN_T030,14,0.44602783333333335,0.405933,6,small
matpower/case14,WARM_LPSCREEN_T050,14,0.46331300000000003,0.41306849999999995,6,small
matpower/case14,WARM_LPSCREEN_T080,14,0.8095878333333334,0.7460804999999999,6,small
matpower/case14,WARM_PRUNE_LAZY_T010,14,0.37143550000000003,0.330822,6,small
matpower/case14,WARM_PRUNE_LAZY_T020,14,0.36886100000000005,0.31659899999999996,6,small
matpower/case14,WARM_PRUNE_LAZY_T030,14,0.3702001666666666,0.3422085,6,small
matpower/case14,WARM_PRUNE_LAZY_T050,14,0.36060749999999997,0.32288,6,small
matpower/case14,WARM_PRUNE_LAZY_T080,14,0.3675765,0.31275149999999996,6,small
matpower/case14,WARM_PRUNE_T010,14,0.39282516666666667,0.35716349999999997,6,small
matpower/case14,WARM_PRUNE_T020,14,0.3847256666666667,0.31062999999999996,6,small
matpower/case14,WARM_PRUNE_T030,14,0.3875473333333333,0.3272885,6,small
matpower/case14,WARM_PRUNE_T050,14,0.35286466666666666,0.3239005,6,small
matpower/case14,WARM_PRUNE_T080,14,0.4364041666666667,0.3874035,6,small
matpower/case14,WARM_SR_LAZY,14,0.520267,0.5123925,6,small
matpower/case30,ACTIVESET,30,0.537088,0.546241,6,small
matpower/case30,ACTIVESET_B500,30,0.5221098333333333,0.5141205,6,small
matpower/case30,ACTIVESET_B5000,30,0.529373,0.533577,6,small
matpower/case30,ACTIVESET_LAZY,30,0.7352611666666666,0.7266495,6,small
matpower/case30,ACTIVESET_LAZY_TOPK128,30,0.716033,0.721946,6,small
matpower/case30,ACTIVESET_NOCLEAN,30,0.5349245,0.541194,6,small
matpower/case30,LAZY_ALL,30,0.5339008333333334,0.524626,6,small
matpower/case30,LAZY_BANDIT,30,0.5289411666666667,0.525187,6,small
matpower/case30,LAZY_COMMIT_GNN_T060,30,0.5312168333333332,0.5358825,6,small
matpower/case30,LAZY_COMMIT_HINTS,30,0.5261568333333333,0.5188815,6,small
matpower/case30,LAZY_GNN_T060,30,0.534421,0.524868,6,small
matpower/case30,LAZY_GNN_T080,30,0.5354336666666667,0.5284709999999999,6,small
matpower/case30,LAZY_TOPK128,30,0.5291936666666667,0.5192835,6,small
matpower/case30,RAW,30,10.2580455,11.427605,6,small
matpower/case30,RAW_COMMIT_HINTS,30,10.882743166666666,12.035138,6,small
matpower/case30,RAW_GNN,30,0.36148816666666667,0.3647395,6,small
matpower/case30,SHRINK_LAZY,30,0.5511578333333333,0.6151625000000001,6,small
matpower/case30,STREDUCE,30,7.0549215,7.1508565,6,small
matpower/case30,STREDUCE_AGGRESSIVE,30,11.397063666666666,6.2193125,6,small
matpower/case30,STREDUCE_CONSERVATIVE,30,7.6707036666666655,7.8669525,6,small
matpower/case30,STREDUCE_GRU,30,6.9689835,6.958024999999999,6,small
matpower/case30,STREDUCE_LAZY,30,1.8368063333333335,1.225829,6,small
matpower/case30,STREDUCE_LAZY_AGGRESSIVE,30,7.237190166666667,1.228716,6,small
matpower/case30,STREDUCE_LAZY_CONSERVATIVE,30,2.859764333333333,2.6437805,6,small
matpower/case30,STREDUCE_LAZY_GRU,30,1.8195098333333333,1.1979514999999998,6,small
matpower/case30,WARM,30,10.347374166666667,11.486347,6,small
matpower/case30,WARM_ACTIVESET,30,0.6056201666666666,0.6042535,6,small
matpower/case30,WARM_ACTIVESET_LAZY,30,0.7788471666666666,0.790563,6,small
matpower/case30,WARM_BRANCH_HINTS,30,10.342881666666667,11.5677325,6,small
matpower/case30,WARM_COMMIT_HINTS,30,10.433368833333333,11.672469,6,small
matpower/case30,WARM_GRU,30,10.309631999999999,11.5158165,6,small
matpower/case30,WARM_LAZY,30,0.5969828333333334,0.600646,6,small
matpower/case30,WARM_LAZY_BANDIT,30,0.5999846666666667,0.5989985,6,small
matpower/case30,WARM_LAZY_BRANCH_HINTS,30,0.5985926666666667,0.598555,6,small
matpower/case30,WARM_LAZY_COMMIT_GNN_T060,30,0.6097391666666666,0.6163114999999999,6,small
matpower/case30,WARM_LAZY_COMMIT_GRU,30,0.6053745,0.6094930000000001,6,small
matpower/case30,WARM_LAZY_COMMIT_HINTS,30,0.5965331666666667,0.5991555,6,small
matpower/case30,WARM_LAZY_GNN_T060,30,0.6077586666666667,0.6118935,6,small
matpower/case30,WARM_LAZY_GRU,30,0.5961553333333334,0.601274,6,small
matpower/case30,WARM_LAZY_ML_STACK,30,0.638315,0.6356394999999999,6,small
matpower/case30,WARM_LAZY_TOPK128,30,0.5922413333333333,0.5847104999999999,6,small
matpower/case30,WARM_LPSCREEN_LAZY_T010,30,0.8302111666666666,0.816478,6,small
matpower/case30,WARM_LPSCREEN_LAZY_T020,30,0.821421,0.791891,6,small
matpower/case30,WARM_LPSCREEN_LAZY_T030,30,0.8218758333333334,0.7881125,6,small
matpower/case30,WARM_LPSCREEN_LAZY_T050,30,0.8215826666666666,0.8128249999999999,6,small
matpower/case30,WARM_LPSCREEN_LAZY_T080,30,0.8008753333333334,0.7918455,6,small
matpower/case30,WARM_LPSCREEN_T010,30,0.6656038333333333,0.6441075,6,small
matpower/case30,WARM_LPSCREEN_T020,30,0.6746458333333334,0.660614,6,small
matpower/case30,WARM_LPSCREEN_T030,30,0.6752226666666666,0.6881955,6,small
matpower/case30,WARM_LPSCREEN_T050,30,0.6624551666666666,0.663721,6,small
matpower/case30,WARM_LPSCREEN_T080,30,0.7034763333333333,0.6737805,6,small
matpower/case30,WARM_PRUNE_LAZY_T010,30,0.6095941666666667,0.6094225,6,small
matpower/case30,WARM_PRUNE_LAZY_T020,30,0.6168708333333334,0.6203829999999999,6,small
matpower/case30,WARM_PRUNE_LAZY_T030,30,0.6130776666666666,0.6045309999999999,6,small
matpower/case30,WARM_PRUNE_LAZY_T050,30,0.6039074999999999,0.6083069999999999,6,small
matpower/case30,WARM_PRUNE_LAZY_T080,30,0.5931131666666667,0.5893335,6,small
matpower/case30,WARM_PRUNE_T010,30,0.4525695,0.442155,6,small
matpower/case30,WARM_PRUNE_T020,30,0.4551826666666667,0.44896400000000003,6,small
matpower/case30,WARM_PRUNE_T030,30,0.4542796666666667,0.4517105,6,small
matpower/case30,WARM_PRUNE_T050,30,0.44843933333333336,0.44461300000000004,6,small
matpower/case30,WARM_PRUNE_T080,30,0.49400333333333335,0.45932150000000005,6,small
matpower/case30,WARM_SR_LAZY,30,3.1868175,3.1801690000000002,6,small
matpower/case57,ACTIVESET,57,1.8828215000000001,2.1560155,6,small
matpower/case57,ACTIVESET_B500,57,1.8787063333333334,2.1663445,6,small
matpower/case57,ACTIVESET_B5000,57,1.9013026666666668,2.184038,6,small
matpower/case57,ACTIVESET_LAZY,57,3.653363166666667,4.143264,6,small
matpower/case57,ACTIVESET_LAZY_TOPK128,57,3.629192833333333,4.1282915,6,small
matpower/case57,ACTIVESET_NOCLEAN,57,1.9009238333333334,2.194454,6,small
matpower/case57,LAZY_ALL,57,2.9658021666666667,3.3763025,6,small
matpower/case57,LAZY_BANDIT,57,2.990724333333333,3.445454,6,small
matpower/case57,LAZY_COMMIT_GNN_T060,57,2.1379975,2.9607935,6,small
matpower/case57,LAZY_COMMIT_HINTS,57,2.1015330000000003,2.8980550000000003,6,small
matpower/case57,LAZY_GNN_T060,57,2.9997328333333333,3.4493194999999996,6,small
matpower/case57,LAZY_GNN_T080,57,2.9905736666666662,3.431272,6,small
matpower/case57,LAZY_TOPK128,57,2.9752008333333335,3.4078014999999997,6,small
matpower/case57,RAW,57,45.695146666666666,62.380027999999996,6,small
matpower/case57,RAW_COMMIT_HINTS,57,45.00106216666668,62.6336135,6,small
matpower/case57,RAW_GNN,57,1.3103308333333332,1.5595534999999998,6,small
matpower/case57,SHRINK_LAZY,57,0.42709183333333334,0.508287,6,small
matpower/case57,STREDUCE,57,44.3765945,61.2555455,6,small
matpower/case57,STREDUCE_AGGRESSIVE,57,32.172679333333335,32.072221,6,small
matpower/case57,STREDUCE_CONSERVATIVE,57,43.53732133333333,61.294352,6,small
matpower/case57,STREDUCE_GRU,57,43.62073966666667,60.2943915,6,small
matpower/case57,STREDUCE_LAZY,57,45.78230349999999,61.2066425,6,small
matpower/case57,STREDUCE_LAZY_AGGRESSIVE,57,33.88889183333333,31.7728605,6,small
matpower/case57,STREDUCE_LAZY_CONSERVATIVE,57,45.110751666666665,60.387299,6,small
matpower/case57,STREDUCE_LAZY_GRU,57,42.99842116666667,60.177874,6,small
matpower/case57,WARM,57,45.02377799999999,61.351631,6,small
matpower/case57,WARM_ACTIVESET,57,2.1272415,2.382958,6,small
matpower/case57,WARM_ACTIVESET_LAZY,57,3.877827,4.402024,6,small
matpower/case57,WARM_BRANCH_HINTS,57,45.353839,61.534312,6,small
matpower/case57,WARM_COMMIT_HINTS,57,45.82587633333333,62.1353105,6,small
matpower/case57,WARM_GRU,57,45.301998999999995,61.440684000000005,6,small
matpower/case57,WARM_LAZY,57,3.2181926666666665,3.6772194999999996,6,small
matpower/case57,WARM_LAZY_BANDIT,57,3.223867,3.6562975,6,small
matpower/case57,WARM_LAZY_BRANCH_HINTS,57,3.2216543333333334,3.6979385000000002,6,small
matpower/case57,WARM_LAZY_COMMIT_GNN_T060,57,3.2184608333333333,3.694148,6,small
matpower/case57,WARM_LAZY_COMMIT_GRU,57,3.227912,3.6484615,6,small
matpower/case57,WARM_LAZY_COMMIT_HINTS,57,3.222754166666667,3.6472595,6,small
matpower/case57,WARM_LAZY_GNN_T060,57,3.222521,3.6883235,6,small
matpower/case57,WARM_LAZY_GRU,57,3.206172,3.6644360000000002,6,small
matpower/case57,WARM_LAZY_ML_STACK,57,3.2340715,3.6701135000000003,6,small
matpower/case57,WARM_LAZY_TOPK128,57,3.1934675,3.6481775,6,small
matpower/case57,WARM_LPSCREEN_LAZY_T010,57,3.5923431666666663,4.122958,6,small
matpower/case57,WARM_LPSCREEN_LAZY_T020,57,3.5089025,4.0149925,6,small
matpower/case57,WARM_LPSCREEN_LAZY_T030,57,3.5562311666666666,4.1832985,6,small
matpower/case57,WARM_LPSCREEN_LAZY_T050,57,3.587596833333334,4.1740205,6,small
matpower/case57,WARM_LPSCREEN_LAZY_T080,57,3.8196689999999998,4.2716315,6,small
matpower/case57,WARM_LPSCREEN_T010,57,2.9692588333333334,2.916811,6,small
matpower/case57,WARM_LPSCREEN_T020,57,2.9759401666666663,2.920941,6,small
matpower/case57,WARM_LPSCREEN_T030,57,2.9742373333333334,2.9117735,6,small
matpower/case57,WARM_LPSCREEN_T050,57,2.9555385,2.938085,6,small
matpower/case57,WARM_LPSCREEN_T080,57,5.1699485,4.596253,6,small
matpower/case57,WARM_PRUNE_LAZY_T010,57,3.2846175,3.7475585000000002,6,small
matpower/case57,WARM_PRUNE_LAZY_T020,57,3.270348666666667,3.7008520000000003,6,small
matpower/case57,WARM_PRUNE_LAZY_T030,57,3.2874088333333336,3.7593294999999998,6,small
matpower/case57,WARM_PRUNE_LAZY_T050,57,3.26665,3.706642,6,small
matpower/case57,WARM_PRUNE_LAZY_T080,57,3.0363135,3.3297325,6,small
matpower/case57,WARM_PRUNE_T010,57,1.7003895,1.9405765000000001,6,small
matpower/case57,WARM_PRUNE_T020,57,1.6891891666666667,1.9256479999999998,6,small
matpower/case57,WARM_PRUNE_T030,57,1.6979421666666665,1.9604285,6,small
matpower/case57,WARM_PRUNE_T050,57,1.7033291666666666,1.9567705,6,small
matpower/case57,WARM_PRUNE_T080,57,4.380092,5.2411805000000005,6,small
matpower/case57,WARM_SR_LAZY,57,42.40104783333333,58.742523500000004,6,small
matpower/case89pegase,ACTIVESET,89,41.427100333333335,38.2475935,6,small
matpower/case89pegase,ACTIVESET_B500,89,41.45485,38.377896,6,small
matpower/case89pegase,ACTIVESET_B5000,89,41.526790166666665,38.479292,6,small
matpower/case89pegase,ACTIVESET_LAZY,89,97.60446766666666,95.293061,6,small
matpower/case89pegase,ACTIVESET_LAZY_TOPK128,89,99.33908883333334,95.623388,6,small
matpower/case89pegase,ACTIVESET_NOCLEAN,89,41.303503166666665,38.262315,6,small
matpower/case89pegase,LAZY_ALL,89,93.53691633333334,93.15211550000001,6,small
matpower/case89pegase,LAZY_BANDIT,89,91.78997416666665,91.600454,6,small
matpower/case89pegase,LAZY_COMMIT_GNN_T060,89,92.91011883333334,92.769799,6,small
matpower/case89pegase,LAZY_COMMIT_HINTS,89,93.30530933333334,93.108259,6,small
matpower/case89pegase,LAZY_GNN_T060,89,92.6822175,92.3506835,6,small
matpower/case89pegase,LAZY_GNN_T080,89,92.50780833333333,92.05201199999999,6,small
matpower/case89pegase,LAZY_TOPK128,89,93.44901133333333,93.007208,6,small
matpower/case89pegase,RAW,89,210.65758983333333,191.6804485,6,small
matpower/case89pegase,RAW_COMMIT_HINTS,89,182.41815683333334,182.5298805,6,small
matpower/case89pegase,RAW_GNN,89,38.88762533333333,36.516292,6,small
matpower/case89pegase,SHRINK_LAZY,89,300.1567631666667,300.159169,6,small
matpower/case89pegase,STREDUCE,89,196.46374649999998,198.7157015,6,small
matpower/case89pegase,STREDUCE_AGGRESSIVE,89,187.4141855,181.45556549999998,6,small
matpower/case89pegase,STREDUCE_CONSERVATIVE,89,188.75385516666665,168.4723585,6,small
matpower/case89pegase,STREDUCE_GRU,89,203.50926916666666,202.42512599999998,6,small
matpower/case89pegase,STREDUCE_LAZY,89,192.08342916666666,185.77349550000002,6,small
matpower/case89pegase,STREDUCE_LAZY_AGGRESSIVE,89,185.81494183333334,183.370655,6,small
matpower/case89pegase,STREDUCE_LAZY_CONSERVATIVE,89,212.17871766666667,204.15616599999998,6,small
matpower/case89pegase,STREDUCE_LAZY_GRU,89,194.13086716666666,202.60513450000002,6,small
matpower/case89pegase,WARM,89,223.39385083333332,228.1217585,6,small
matpower/case89pegase,WARM_ACTIVESET,89,42.32392316666667,39.720482000000004,6,small
matpower/case89pegase,WARM_ACTIVESET_LAZY,89,97.651323,96.6126465,6,small
matpower/case89pegase,WARM_BRANCH_HINTS,89,217.966308,200.202964,6,small
matpower/case89pegase,WARM_COMMIT_HINTS,89,175.69297583333332,175.853866,6,small
matpower/case89pegase,WARM_GRU,89,222.6875141666667,229.49452200000002,6,small
matpower/case89pegase,WARM_LAZY,89,94.22172683333334,94.103276,6,small
matpower/case89pegase,WARM_LAZY_BANDIT,89,92.60594283333334,92.381406,6,small
matpower/case89pegase,WARM_LAZY_BRANCH_HINTS,89,94.21520916666667,93.878507,6,small
matpower/case89pegase,WARM_LAZY_COMMIT_GNN_T060,89,94.16686133333333,94.161239,6,small
matpower/case89pegase,WARM_LAZY_COMMIT_GRU,89,93.45200616666666,93.355237,6,small
matpower/case89pegase,WARM_LAZY_COMMIT_HINTS,89,93.74104866666666,93.916725,6,small
matpower/case89pegase,WARM_LAZY_GNN_T060,89,94.3602085,94.267724,6,small
matpower/case89pegase,WARM_LAZY_GRU,89,94.24424866666668,93.955732,6,small
matpower/case89pegase,WARM_LAZY_ML_STACK,89,92.912344,92.953595,6,small
matpower/case89pegase,WARM_LAZY_TOPK128,89,94.15253816666666,94.8112705,6,small
matpower/case89pegase,WARM_LPSCREEN_LAZY_T010,89,95.88522566666667,95.3056225,6,small
matpower/case89pegase,WARM_LPSCREEN_LAZY_T020,89,94.68291033333334,94.475751,6,small
matpower/case89pegase,WARM_LPSCREEN_LAZY_T030,89,95.12257833333335,94.465262,6,small
matpower/case89pegase,WARM_LPSCREEN_LAZY_T050,89,95.03028733333333,95.022287,6,small
matpower/case89pegase,WARM_LPSCREEN_LAZY_T080,89,95.18433566666666,95.0067865,6,small
matpower/case89pegase,WARM_LPSCREEN_T010,89,64.89999433333334,61.278437999999994,6,small
matpower/case89pegase,WARM_LPSCREEN_T020,89,96.17722400000001,95.985118,6,small
matpower/case89pegase,WARM_LPSCREEN_T030,89,97.26237350000001,96.9708485,6,small
matpower/case89pegase,WARM_LPSCREEN_T050,89,107.10649316666667,104.61430250000001,6,small
matpower/case89pegase,WARM_LPSCREEN_T080,89,140.42508766666666,130.9901875,6,small
matpower/case89pegase,WARM_PRUNE_LAZY_T010,89,94.19507016666667,93.92227199999999,6,small
matpower/case89pegase,WARM_PRUNE_LAZY_T020,89,93.68941733333334,93.3514165,6,small
matpower/case89pegase,WARM_PRUNE_LAZY_T030,89,93.55477033333334,93.3596965,6,small
matpower/case89pegase,WARM_PRUNE_LAZY_T050,89,93.857306,93.81126699999999,6,small
matpower/case89pegase,WARM_PRUNE_LAZY_T080,89,94.87872433333332,94.372829,6,small
matpower/case89pegase,WARM_PRUNE_T010,89,46.63394316666666,46.7609445,6,small
matpower/case89pegase,WARM_PRUNE_T020,89,52.00754733333333,47.317035,6,small
matpower/case89pegase,WARM_PRUNE_T030,89,61.880101333333336,55.247496999999996,6,small
matpower/case89pegase,WARM_PRUNE_T050,89,96.83337816666666,97.54245449999999,6,small
matpower/case89pegase,WARM_PRUNE_T080,89,141.50521466666666,132.03665999999998,6,small
matpower/case89pegase,WARM_SR_LAZY,89,119.0016955,122.259886,6,small
matpower/case118,ACTIVESET,118,31.8776385,30.232028999999997,6,small
matpower/case118,ACTIVESET_B500,118,31.904266500000002,30.2701225,6,small
matpower/case118,ACTIVESET_B5000,118,31.75639766666667,30.239103,6,small
matpower/case118,ACTIVESET_LAZY,118,91.63527433333333,93.5532865,6,small
matpower/case118,ACTIVESET_LAZY_TOPK128,118,92.385803,93.23085549999999,6,small
matpower/case118,ACTIVESET_NOCLEAN,118,31.956938833333336,30.3549225,6,small
matpower/case118,LAZY_ALL,118,90.72574866666666,93.74367050000001,6,small
matpower/case118,LAZY_BANDIT,118,84.58030033333334,91.387862,6,small
matpower/case118,LAZY_COMMIT_GNN_T060,118,89.036968,91.2959835,6,small
matpower/case118,LAZY_COMMIT_HINTS,118,89.03976033333333,91.2706135,6,small
matpower/case118,LAZY_GNN_T060,118,89.38992400000001,91.51613549999999,6,small
matpower/case118,LAZY_GNN_T080,118,90.00446699999999,91.791066,6,small
matpower/case118,LAZY_TOPK128,118,90.87424116666666,91.327821,6,small
matpower/case118,RAW,118,243.5580206666667,242.8428605,6,small
matpower/case118,RAW_COMMIT_HINTS,118,221.61782733333334,220.6610685,6,small
matpower/case118,RAW_GNN,118,28.312795500000004,26.2642385,6,small
matpower/case118,SHRINK_LAZY,118,21.135328,22.292503,6,small
matpower/case118,STREDUCE,118,227.8510215,223.7296565,6,small
matpower/case118,STREDUCE_AGGRESSIVE,118,231.15657866666666,222.0425415,6,small
matpower/case118,STREDUCE_CONSERVATIVE,118,237.686427,236.007476,6,small
matpower/case118,STREDUCE_GRU,118,227.22395416666666,222.97266000000002,6,small
matpower/case118,STREDUCE_LAZY,118,256.362996,254.88736849999998,6,small
matpower/case118,STREDUCE_LAZY_AGGRESSIVE,118,246.35819916666665,250.6052765,6,small
matpower/case118,STREDUCE_LAZY_CONSERVATIVE,118,269.4521966666667,267.1683785,6,small
matpower/case118,STREDUCE_LAZY_GRU,118,255.34627533333332,255.0752485,6,small
matpower/case118,WARM,118,232.91079316666665,237.066362,6,small
matpower/case118,WARM_ACTIVESET,118,32.575876666666666,31.1240465,6,small
matpower/case118,WARM_ACTIVESET_LAZY,118,92.57095016666666,94.9387405,6,small
matpower/case118,WARM_BRANCH_HINTS,118,230.88192366666667,225.25097699999998,6,small
matpower/case118,WARM_COMMIT_HINTS,118,226.40069633333334,224.31188200000003,6,small
matpower/case118,WARM_GRU,118,235.4121845,238.240767,6,small
matpower/case118,WARM_LAZY,118,89.03185616666667,91.4235995,6,small
matpower/case118,WARM_LAZY_BANDIT,118,84.98255416666667,90.41411550000001,6,small
matpower/case118,WARM_LAZY_BRANCH_HINTS,118,89.09762649999999,91.503386,6,small
matpower/case118,WARM_LAZY_COMMIT_GNN_T060,118,89.14521116666667,90.7959395,6,small
matpower/case118,WARM_LAZY_COMMIT_GRU,118,88.74553616666667,90.9058455,6,small
matpower/case118,WARM_LAZY_COMMIT_HINTS,118,88.77175683333333,91.1432555,6,small
matpower/case118,WARM_LAZY_GNN_T060,118,89.07829250000002,91.94204,6,small
matpower/case118,WARM_LAZY_GRU,118,89.12802866666668,91.341454,6,small
matpower/case118,WARM_LAZY_ML_STACK,118,84.09994983333333,90.1822835,6,small
matpower/case118,WARM_LAZY_TOPK128,118,93.033971,90.5308985,6,small
matpower/case118,WARM_LPSCREEN_LAZY_T010,118,90.23182983333334,94.6654515,6,small
matpower/case118,WARM_LPSCREEN_LAZY_T020,118,70.94985283333334,72.46898999999999,6,small
matpower/case118,WARM_LPSCREEN_LAZY_T030,118,74.11241483333333,79.40459100000001,6,small
matpower/case118,WARM_LPSCREEN_LAZY_T050,118,61.480962166666664,62.589853500000004,6,small
matpower/case118,WARM_LPSCREEN_LAZY_T080,118,78.610102,78.6185105,6,small
matpower/case118,WARM_LPSCREEN_T010,118,31.50937616666667,29.1463945,6,small
matpower/case118,WARM_LPSCREEN_T020,118,30.968104,28.677723999999998,6,small
matpower/case118,WARM_LPSCREEN_T030,118,32.65738733333333,29.957178,6,small
matpower/case118,WARM_LPSCREEN_T050,118,107.30838449999999,105.7107105,6,small
matpower/case118,WARM_LPSCREEN_T080,118,188.02403166666667,195.620496,6,small
matpower/case118,WARM_PRUNE_LAZY_T010,118,76.10152649999999,79.72524200000001,6,small
matpower/case118,WARM_PRUNE_LAZY_T020,118,71.8024765,82.26185050000001,6,small
matpower/case118,WARM_PRUNE_LAZY_T030,118,68.67539633333332,70.0760375,6,small
matpower/case118,WARM_PRUNE_LAZY_T050,118,58.765382499999994,62.471751499999996,6,small
matpower/case118,WARM_PRUNE_LAZY_T080,118,70.38624266666666,69.62582,6,small
matpower/case118,WARM_PRUNE_T010,118,28.63363,26.0448855,6,small
matpower/case118,WARM_PRUNE_T020,118,29.947473,28.511186,6,small
matpower/case118,WARM_PRUNE_T030,118,32.92925483333333,29.735598000000003,6,small
matpower/case118,WARM_PRUNE_T050,118,102.80889316666666,114.6320595,6,small
matpower/case118,WARM_PRUNE_T080,118,194.99043283333333,194.5450525,6,small
matpower/case118,WARM_SR_LAZY,118,257.2521101666667,253.601221,6,small
matpower/case300,ACTIVESET,300,216.99606766666668,213.88189849999998,6,small
matpower/case300,ACTIVESET_B500,300,221.65585266666668,221.584733,6,small
matpower/case300,ACTIVESET_B5000,300,216.31924533333336,212.1166785,6,small
matpower/case300,ACTIVESET_LAZY,300,844.2306258333333,804.3257935,6,small
matpower/case300,ACTIVESET_LAZY_TOPK128,300,486.8892343333334,484.4079495,6,small
matpower/case300,ACTIVESET_NOCLEAN,300,216.74560083333333,214.5569825,6,small
matpower/case300,LAZY_ALL,300,762.8963845,741.9243985,6,small
matpower/case300,LAZY_BANDIT,300,390.86582,391.7595125,6,small
matpower/case300,LAZY_COMMIT_GNN_T060,300,382.52266416666663,379.3507905,6,small
matpower/case300,LAZY_COMMIT_HINTS,300,691.3080611666666,447.7875305,6,small
matpower/case300,LAZY_GNN_T060,300,382.45529966666663,384.828484,6,small
matpower/case300,LAZY_GNN_T080,300,209.5945138333333,146.12728299999998,6,small
matpower/case300,LAZY_TOPK128,300,392.0444705,381.386203,6,small
matpower/case300,RAW,300,602.5817658333333,582.1267425,6,small
matpower/case300,RAW_COMMIT_HINTS,300,621.2638196666667,587.7017095,6,small
matpower/case300,RAW_GNN,300,357.2605048333333,369.6951915,6,small
matpower/case300,SHRINK_LAZY,300,468.1744833333334,464.3682325,6,small
matpower/case300,STREDUCE,300,173.06573516666666,168.5601595,6,small
matpower/case300,STREDUCE_AGGRESSIVE,300,67.04514966666666,66.4449545,6,small
matpower/case300,STREDUCE_CONSERVATIVE,300,381.08585850000003,370.137813,6,small
matpower/case300,STREDUCE_GRU,300,173.14700000000002,168.264658,6,small
matpower/case300,STREDUCE_LAZY,300,472.6136025,445.69960949999995,6,small
matpower/case300,STREDUCE_LAZY_AGGRESSIVE,300,462.85092149999997,442.21926099999996,6,small
matpower/case300,STREDUCE_LAZY_CONSERVATIVE,300,477.7961376666667,473.17535399999997,6,small
matpower/case300,STREDUCE_LAZY_GRU,300,471.6540603333333,435.68003699999997,6,small
matpower/case300,WARM,300,615.0731933333333,602.0997555,6,small
matpower/case300,WARM_ACTIVESET,300,221.32530933333337,218.71863100000002,6,small
matpower/case300,WARM_ACTIVESET_LAZY,300,562.2930286666666,544.8013060000001,6,small
matpower/case300,WARM_BRANCH_HINTS,300,584.733566,571.578364,6,small
matpower/case300,WARM_COMMIT_HINTS,300,623.0203225,617.835971,6,small
matpower/case300,WARM_GRU,300,657.1686071666667,620.594154,6,small
matpower/case300,WARM_LAZY,300,718.8283340000002,671.9428875000001,6,small
matpower/case300,WARM_LAZY_BANDIT,300,382.9711013333333,377.649745,6,small
matpower/case300,WARM_LAZY_BRANCH_HINTS,300,505.22685283333334,502.5877815,6,small
matpower/case300,WARM_LAZY_COMMIT_GNN_T060,300,381.02755,383.4742305,6,small
matpower/case300,WARM_LAZY_COMMIT_GRU,300,725.3437558333334,521.2854805,6,small
matpower/case300,WARM_LAZY_COMMIT_HINTS,300,724.5133085000001,521.956272,6,small
matpower/case300,WARM_LAZY_GNN_T060,300,380.8210676666667,381.80484850000005,6,small
matpower/case300,WARM_LAZY_GRU,300,714.1340613333333,679.5911114999999,6,small
matpower/case300,WARM_LAZY_ML_STACK,300,377.6256251666667,377.58456650000005,6,small
matpower/case300,WARM_LAZY_TOPK128,300,388.27687749999996,386.0018465,6,small
matpower/case300,WARM_LPSCREEN_LAZY_T010,300,384.971221,380.647877,6,small
matpower/case300,WARM_LPSCREEN_LAZY_T020,300,384.836139,380.456764,6,small
matpower/case300,WARM_LPSCREEN_LAZY_T030,300,465.3381136666667,451.35000349999996,6,small
matpower/case300,WARM_LPSCREEN_LAZY_T050,300,549.473043,520.5591325,6,small
matpower/case300,WARM_LPSCREEN_LAZY_T080,300,621.2847876666666,595.0070175000001,6,small
matpower/case300,WARM_LPSCREEN_T010,300,166.51023566666666,156.69410249999999,6,small
matpower/case300,WARM_LPSCREEN_T020,300,195.36739799999998,198.28366649999998,6,small
matpower/case300,WARM_LPSCREEN_T030,300,391.6676688333334,386.8081105,6,small
matpower/case300,WARM_LPSCREEN_T050,300,408.00482650000004,396.944157,6,small
matpower/case300,WARM_LPSCREEN_T080,300,466.88906633333335,470.74735699999997,6,small
matpower/case300,WARM_PRUNE_LAZY_T010,300,377.6537613333333,376.3051015,6,small
matpower/case300,WARM_PRUNE_LAZY_T020,300,375.61930766666666,375.3474145,6,small
matpower/case300,WARM_PRUNE_LAZY_T030,300,410.26426383333336,400.73312799999997,6,small
matpower/case300,WARM_PRUNE_LAZY_T050,300,503.3617565,451.967367,6,small
matpower/case300,WARM_PRUNE_LAZY_T080,300,553.9094258333333,515.9968114999999,6,small
matpower/case300,WARM_PRUNE_T010,300,128.54845233333333,133.669654,6,small
matpower/case300,WARM_PRUNE_T020,300,142.36737066666666,146.161176,6,small
matpower/case300,WARM_PRUNE_T030,300,300.4715396666666,311.1465785,6,small
matpower/case300,WARM_PRUNE_T050,300,383.599563,383.636616,6,small
matpower/case300,WARM_PRUNE_T080,300,452.83753300000006,453.26518599999997,6,small
matpower/case300,WARM_SR_LAZY,300,727.4108781666667,694.3215005,6,small
matpower/case1354pegase,LAZY_ALL,1354,1805.4458723333335,1805.377414,6,large
matpower/case1354pegase,LAZY_BANDIT,1354,992.2679988333333,902.5989480000001,6,large
matpower/case1354pegase,LAZY_COMMIT_HINTS,1354,1827.8629903333333,1805.291162,6,large
matpower/case1354pegase,LAZY_GNN_T080,1354,1807.9456050000001,1807.927979,6,large
matpower/case1354pegase,STREDUCE_LAZY_GRU,1354,1846.7503033333332,1846.4710755,6,large
matpower/case1354pegase,WARM_LAZY_GRU,1354,1922.1509035,1835.6368590000002,6,large
matpower/case1354pegase,WARM_PRUNE_LAZY_T030,1354,1840.9110386666669,1840.723179,6,large
matpower/case2383wp,LAZY_ALL,2383,1078.467394,1070.096802,6,large
matpower/case2383wp,LAZY_BANDIT,2383,1105.8451803333335,1067.1577275,6,large
matpower/case2383wp,LAZY_COMMIT_HINTS,2383,1080.6103655,1070.412791,6,large
matpower/case2383wp,LAZY_GNN_T080,2383,1082.26873,1078.6946619999999,6,large
matpower/case2383wp,WARM_LAZY_GRU,2383,1162.0709231666667,1145.291092,6,large
matpower/case2383wp,WARM_PRUNE_LAZY_T030,2383,1202.3985285,1106.6914645,6,large
matpower/case3375wp,LAZY_ALL,3375,3617.6057156666666,3610.5235384999996,6,large
matpower/case3375wp,LAZY_BANDIT,3375,4353.833672,3612.807552,6,large
matpower/case3375wp,LAZY_COMMIT_HINTS,3375,3617.154320333333,3612.7007089999997,6,large
matpower/case3375wp,LAZY_GNN_T080,3375,3707.8066424999997,3644.246593,6,large
matpower/case3375wp,WARM_LAZY_GRU,3375,3800.0565418333335,3800.7272265,6,large
matpower/case3375wp,WARM_PRUNE_LAZY_T030,3375,3853.166699,3853.8051815,6,large
matpower/case6515rte,LAZY_ALL,6515,4723.363344833334,4199.507162,6,large
matpower/case6515rte,LAZY_BANDIT,6515,6039.688931000001,6121.867303999999,4,large
matpower/case6515rte,LAZY_COMMIT_HINTS,6515,4315.2437035,4342.3959005,6,large
matpower/case6515rte,LAZY_GNN_T080,6515,2988.0253666666667,2941.5664875,6,large
matpower/case6515rte,STREDUCE_LAZY_GRU,6515,4373.182288833334,4167.2344765,6,large
matpower/case6515rte,WARM_LAZY_GRU,6515,4928.1982788333335,4860.443562500001,6,large
matpower/case6515rte,WARM_PRUNE_LAZY_T030,6515,4249.653675333333,3888.0970125,6,large
