mode,avg_speedup,median_speedup,N_pairs,avg_success,N_rows,method_exactness,family,plot_family,pareto_front,full_success_boundary,family_best,acceptable_pareto_front,speedup_rank,numbered_highlight
LAZY_COMMIT_HINTS,8.34401307637983,3.0596637660001713,34.0,1.0,34,exact,COMMIT,Lazy / hints,True,True,True,True,17,True
WARM_PRUNE_T050,10.520639727521797,4.792312096170332,34.0,0.8823529411764706,34,heuristic,PRUNE,Pruning,True,False,False,False,10,True
WARM_PRUNE_T030,11.656301884738344,8.44223363674307,34.0,0.7941176470588235,34,heuristic,PRUNE,Pruning,True,False,False,False,5,True
WARM_PRUNE_T020,12.278448806026349,8.11294340845982,34.0,0.7647058823529411,34,heuristic,PRUNE,Pruning,True,False,False,False,4,True
SHRINK_LAZY,21.739841925503992,10.145225020823858,34.0,0.6470588235294118,34,heuristic,SHRINK,Reduction,True,False,True,False,1,True
LAZY_ALL,8.067564411920756,3.556567326503941,34.0,1.0,34,exact,LAZY,Lazy / hints,False,True,True,False,22,True
WARM_LAZY_GRU,7.5298828716904245,3.4713192453618316,34.0,1.0,34,exact,GRU,Learning,False,True,True,False,30,True
WARM_LAZY_BRANCH_HINTS,7.510107489846132,3.4856880180190055,34.0,1.0,34,exact,WARM_LAZY,Lazy / hints,False,True,True,False,32,True
WARM_LAZY_COMMIT_HINTS,7.483056470711693,3.5031509942132675,34.0,1.0,34,exact,COMMIT,Lazy / hints,False,True,False,False,33,True
WARM_LAZY,7.4715753882158875,3.4547804938031037,34.0,1.0,34,exact,WARM_LAZY,Lazy / hints,False,True,False,False,35,True
WARM_LAZY_COMMIT_GRU,7.3850821751378914,3.4852637701162466,34.0,1.0,34,exact,GRU,Learning,False,True,False,False,37,True
ACTIVESET_LAZY,6.69224544278934,3.492933453293669,34.0,1.0,34,exact,ACTIVESET,Active set,False,True,True,False,40,True
WARM_ACTIVESET_LAZY,6.423580310754765,3.2859906842968787,34.0,1.0,34,exact,ACTIVESET,Active set,False,True,False,False,41,True
WARM_SR_LAZY,2.419866185026183,1.5003771742029728,34.0,1.0,34,exact,SR,Reduction,False,True,True,False,54,True
STREDUCE_LAZY_CONSERVATIVE,2.256666211631431,1.1128220673617546,34.0,1.0,34,heuristic,STREDUCE,Reduction,False,True,True,False,55,True
RAW_COMMIT_HINTS,1.0872992892730347,1.0095158534512227,34.0,1.0,34,exact,COMMIT,Lazy / hints,False,True,False,False,57,True
WARM_COMMIT_HINTS,1.0458828137394989,0.9928149496924346,34.0,1.0,34,exact,COMMIT,Lazy / hints,False,True,False,False,58,True
WARM_BRANCH_HINTS,1.0128067785807529,0.9942477841837428,34.0,1.0,34,exact,WARM,RAW / warm,False,True,True,False,59,True
RAW,1.0,1.0,34.0,1.0,34,exact,RAW,RAW / warm,False,True,True,False,60,True
WARM,0.9990415274175451,0.992055274201936,34.0,1.0,34,exact,WARM,RAW / warm,False,True,False,False,61,True
WARM_GRU,0.9813615807015784,0.9885647269325344,34.0,1.0,34,exact,GRU,Learning,False,True,False,False,62,True
STREDUCE_LAZY_GRU,3.1509630239324404,1.182105064623519,34.0,0.9705882352941176,34,heuristic,STREDUCE,Reduction,False,False,False,False,50,True
STREDUCE_LAZY,3.0727796431629817,1.1555631265459778,34.0,0.9705882352941176,34,heuristic,STREDUCE,Reduction,False,False,False,False,51,True
WARM_LPSCREEN_T050,8.332717006958578,3.1823665182363294,34.0,0.9411764705882353,34,heuristic,LPSCREEN,LP screen,False,False,True,False,18,True
WARM_PRUNE_LAZY_T080,7.826132764255429,3.76287113670921,34.0,0.9411764705882353,34,heuristic,PRUNE,Pruning,False,False,True,False,23,True
WARM_PRUNE_T080,7.424194140241507,2.171050456914593,34.0,0.9411764705882353,34,heuristic,PRUNE,Pruning,False,False,False,False,36,True
WARM_LPSCREEN_LAZY_T050,6.321524247204874,4.721445879544083,34.0,0.9411764705882353,34,heuristic,LPSCREEN,LP screen,False,False,False,False,43,True
WARM_LPSCREEN_T080,5.593351539992134,2.0908208351790547,34.0,0.9411764705882353,34,heuristic,LPSCREEN,LP screen,False,False,False,False,47,True
STREDUCE_LAZY_AGGRESSIVE,3.7996701269195903,1.1134056058129262,34.0,0.9411764705882353,34,heuristic,STREDUCE,Reduction,False,False,False,False,49,True
WARM_LPSCREEN_LAZY_T080,6.110868869137942,3.3197774435098144,34.0,0.9117647058823529,34,heuristic,LPSCREEN,LP screen,False,False,False,False,46,True
WARM_LPSCREEN_T030,9.201949852659377,7.867038231568905,34.0,0.8823529411764706,34,heuristic,LPSCREEN,LP screen,False,False,False,False,14,True
WARM_PRUNE_LAZY_T050,7.762333487478111,4.479228094047503,34.0,0.8823529411764706,34,heuristic,PRUNE,Pruning,False,False,False,False,24,True
WARM_LPSCREEN_LAZY_T030,6.266424468848242,4.051918635020513,34.0,0.8823529411764706,34,heuristic,LPSCREEN,LP screen,False,False,False,False,44,True
LAZY_BANDIT,8.22538297816429,3.6396111018464206,34.0,0.8529411764705882,34,exact,BANDIT,Lazy / hints,False,False,True,False,19,True
LAZY_TOPK128,8.181876756479118,3.525656134480154,34.0,0.8529411764705882,34,exact,TOPK,Lazy / hints,False,False,True,False,20,True
WARM_LAZY_TOPK128,7.639640251906521,3.352541723835193,34.0,0.8529411764705882,34,exact,TOPK,Lazy / hints,False,False,False,False,26,True
WARM_LAZY_BANDIT,7.638011285958465,3.561105732363451,34.0,0.8529411764705882,34,exact,BANDIT,Lazy / hints,False,False,False,False,27,True
WARM_PRUNE_LAZY_T030,7.62076652922265,4.738741011033777,34.0,0.8529411764705882,34,heuristic,PRUNE,Pruning,False,False,False,False,28,True
ACTIVESET_LAZY_TOPK128,6.815078459654432,3.4866746447587786,34.0,0.8529411764705882,34,exact,ACTIVESET,Active set,False,False,False,False,39,True
LAZY_GNN_T080,8.587320196171978,5.142005200656211,34.0,0.8235294117647058,34,heuristic,GNN,Learning,False,False,True,False,15,True
LAZY_COMMIT_GNN_T060,8.364676626049961,3.055756614567474,34.0,0.8235294117647058,34,heuristic,GNN,Learning,False,False,False,False,16,True
LAZY_GNN_T060,8.133343259102753,3.5613536150552614,34.0,0.8235294117647058,34,heuristic,GNN,Learning,False,False,False,False,21,True
WARM_LAZY_GNN_T060,7.517139614595321,3.467158209683718,34.0,0.8235294117647058,34,heuristic,GNN,Learning,False,False,False,False,31,True
WARM_LAZY_COMMIT_GNN_T060,7.482045398316693,3.518143621217286,34.0,0.8235294117647058,34,heuristic,GNN,Learning,False,False,False,False,34,True
WARM_LAZY_ML_STACK,7.369179659997881,3.481911309568125,34.0,0.8235294117647058,34,heuristic,WARM_LAZY,Lazy / hints,False,False,False,False,38,True
STREDUCE_CONSERVATIVE,1.6998317685476934,1.1413686722016112,34.0,0.8235294117647058,34,heuristic,STREDUCE,Reduction,False,False,False,False,56,True
WARM_LPSCREEN_T020,9.519174387494926,8.22580761408234,34.0,0.7941176470588235,34,heuristic,LPSCREEN,LP screen,False,False,False,False,13,True
WARM_PRUNE_LAZY_T020,7.6765946898349,4.793618772871433,34.0,0.7941176470588235,34,heuristic,PRUNE,Pruning,False,False,False,False,25,True
STREDUCE_GRU,2.533893880629693,1.1693362334621276,34.0,0.7941176470588235,34,heuristic,STREDUCE,Reduction,False,False,False,False,52,True
STREDUCE,2.4824461298366827,1.1543188542430656,34.0,0.7941176470588235,34,heuristic,STREDUCE,Reduction,False,False,False,False,53,True
WARM_PRUNE_LAZY_T010,7.586735887705494,3.713998463633514,34.0,0.7647058823529411,34,heuristic,PRUNE,Pruning,False,False,False,False,29,True
WARM_LPSCREEN_LAZY_T020,6.376745660302726,4.231904707636042,34.0,0.7647058823529411,34,heuristic,LPSCREEN,LP screen,False,False,False,False,42,True
WARM_LPSCREEN_LAZY_T010,6.134680198230636,3.135633236540696,34.0,0.7647058823529411,34,heuristic,LPSCREEN,LP screen,False,False,False,False,45,True
STREDUCE_AGGRESSIVE,4.064188020049976,1.2280970072542734,34.0,0.7647058823529411,34,heuristic,STREDUCE,Reduction,False,False,False,False,48,True
WARM_LPSCREEN_T010,9.717804370590498,7.663131896365077,34.0,0.6764705882352942,34,heuristic,LPSCREEN,LP screen,False,False,False,False,12,True
WARM_PRUNE_T010,12.504091713560163,8.976661702520211,34.0,0.6470588235294118,34,heuristic,PRUNE,Pruning,False,False,False,False,3,True
ACTIVESET_B500,11.278201271033419,8.022144141253715,34.0,0.6176470588235294,34,exact,ACTIVESET,Active set,False,False,False,False,6,True
ACTIVESET_B5000,11.254885614087717,7.983744273655974,34.0,0.6176470588235294,34,exact,ACTIVESET,Active set,False,False,False,False,7,True
ACTIVESET,11.163487374085664,8.0326973280909,34.0,0.6176470588235294,34,exact,ACTIVESET,Active set,False,False,False,False,8,True
ACTIVESET_NOCLEAN,11.079740162337092,8.000115095304519,34.0,0.6176470588235294,34,exact,ACTIVESET,Active set,False,False,False,False,9,True
WARM_ACTIVESET,10.261007630444006,7.74382818235458,34.0,0.6176470588235294,34,exact,ACTIVESET,Active set,False,False,False,False,11,True
RAW_GNN,14.147129692787997,9.020782908281426,34.0,0.5882352941176471,34,heuristic,GNN,Learning,False,False,False,False,2,True
