mode,method_exactness,N,runtime_median,runtime_IQR,nodes_median,nodes_IQR,obj_ppm_median,obj_ppm_IQR,mem_gb_median,mem_gb_IQR
ACTIVESET,exact,36,15.759827,39.14981125,0.0,1.0,0.0,28696.436691563278,,
ACTIVESET_B500,exact,36,15.607099,39.3405395,0.0,1.0,0.0,28696.436691563278,,
ACTIVESET_B5000,exact,36,15.639560000000001,39.21018125,0.0,1.0,0.0,28696.436691563278,,
ACTIVESET_LAZY,exact,42,34.7210485,97.61119825,0.0,1.0,0.0,1312.3372208380663,,
ACTIVESET_LAZY_TOPK128,exact,36,32.921916499999995,101.09455925,0.0,1.0,0.0,1268.6934207337247,,
ACTIVESET_NOCLEAN,exact,36,15.6405545,39.267029750000006,0.0,1.0,0.0,28696.436691563278,,
LAZY_ALL,exact,60,321.89023299999997,1801.8915397500002,1.0,1.0,0.0,895.1257023310159,,
LAZY_BANDIT,exact,58,103.4447055,1058.3666252500002,1.0,1.0,-0.3231682041081717,5476.599455436599,,
LAZY_COMMIT_GNN_T060,heuristic,36,31.808091,93.15293,0.0,1.0,0.0,5752.656933563187,,
LAZY_COMMIT_HINTS,exact,60,256.138896,1802.3772874999997,1.0,1.0,0.0,2797.944027073188,,
LAZY_GNN_T060,heuristic,36,32.488581,93.961131,0.0,1.0,-0.3231682041081717,5752.656933563187,,
LAZY_GNN_T080,heuristic,60,109.00865,1804.4579435,1.0,1.0,-0.3231682041081717,5752.656933563187,,
LAZY_TOPK128,exact,36,31.0108935,97.4964725,0.0,1.0,0.0,3696.319700806073,,
RAW,exact,36,113.4522445,243.55811325,1.0,1.0,0.0,0.0,,
RAW_COMMIT_HINTS,exact,36,113.136514,213.04029325,1.0,1.0,275.13543860683467,4048.509368358892,,
RAW_GNN,heuristic,36,13.273958,38.52635,0.0,0.0,0.0,66631.83442721926,,
SHRINK_LAZY,heuristic,36,8.314907,299.75679425,0.0,3.0,4038.6438201336814,10742.13298699043,,
STREDUCE,heuristic,36,98.19542799999999,200.7107455,0.0,1.0,1485.0624884525976,10170.841983210943,,
STREDUCE_AGGRESSIVE,heuristic,36,60.791264999999996,174.4700875,0.0,1.0,2032.1335304035827,9858.653331151341,,
STREDUCE_CONSERVATIVE,heuristic,36,107.60713000000001,234.1905255,1.0,1.0,0.0,14877.551657626753,,
STREDUCE_GRU,heuristic,36,97.61093149999999,206.27409825,0.0,1.0,1485.0624884525976,10170.841983210943,,
STREDUCE_LAZY,heuristic,36,115.6366625,252.3735345,1.0,1.0,7703.125701061653,18050.510001693587,,
STREDUCE_LAZY_AGGRESSIVE,heuristic,36,113.338014,247.94601125000003,1.0,1.0,5040.253183257269,13890.799275995165,,
STREDUCE_LAZY_CONSERVATIVE,heuristic,36,115.8347915,272.00714275,1.0,1.0,5318.44772228799,19087.300398027583,,
STREDUCE_LAZY_GRU,heuristic,60,229.09072700000002,947.2612865000001,1.0,1.0,7703.125701061653,18050.510001693587,,
WARM,exact,36,113.71806099999999,239.8314265,1.0,1.0,0.0,427.323287260017,,
WARM_ACTIVESET,exact,36,16.1183065,40.3469915,0.0,1.0,0.0,27426.120547001687,,
WARM_ACTIVESET_LAZY,exact,36,35.317327,98.2658145,0.0,1.0,0.0,1469.5701273927589,,
WARM_BRANCH_HINTS,exact,36,113.75711,238.2009575,1.0,1.0,72.37125785438576,18244.471641798973,,
WARM_COMMIT_HINTS,exact,36,113.612074,216.17663575,1.0,1.0,62.675497626701954,3639.3066622261663,,
WARM_GRU,exact,36,112.44653,244.5988275,1.0,1.0,0.0,427.323287260017,,
WARM_LAZY,exact,36,32.846182999999996,94.73834825,0.0,1.0,0.0,1005.4571075518329,,
WARM_LAZY_BANDIT,exact,36,29.6706905,95.3902895,0.0,1.0,0.0,5476.599455436599,,
WARM_LAZY_BRANCH_HINTS,exact,36,33.0434665,94.62233575,0.0,1.0,0.0,610.8406938589236,,
WARM_LAZY_COMMIT_GNN_T060,heuristic,36,33.0346205,93.88733325,0.0,1.0,0.0,5752.656933563187,,
WARM_LAZY_COMMIT_GRU,exact,36,32.8988285,93.7444085,0.0,1.0,0.0,1469.5701273927589,,
WARM_LAZY_COMMIT_HINTS,exact,36,32.9958225,93.63242825,0.0,1.0,0.0,1469.5701273927589,,
WARM_LAZY_GNN_T060,heuristic,36,32.881831,95.18604975,0.0,1.0,-0.3231682041081717,5752.656933563187,,
WARM_LAZY_GRU,exact,60,270.055583,1831.5031815000002,1.0,1.0,0.0,1005.4571075518329,,
WARM_LAZY_ML_STACK,heuristic,36,29.371260999999997,95.564089,0.0,1.0,-0.3231682041081717,6115.252050643527,,
WARM_LAZY_TOPK128,exact,36,37.6564845,95.0913125,0.0,1.0,0.0,2638.204523056942,,
WARM_LPSCREEN_LAZY_T010,heuristic,36,27.24749,96.447248,0.0,1.0,0.0,2666.033805359174,,
WARM_LPSCREEN_LAZY_T020,heuristic,36,26.597965499999997,93.71964975000002,0.0,1.0,0.0,2674.987025339779,,
WARM_LPSCREEN_LAZY_T030,heuristic,36,23.162942,93.90829500000001,0.0,1.0,0.0,1005.4602844030094,,
WARM_LPSCREEN_LAZY_T050,heuristic,36,25.8996185,94.13666225,0.0,1.0,0.0,829.780890525668,,
WARM_LPSCREEN_LAZY_T080,heuristic,36,36.6273145,94.2632915,0.0,1.0,0.0,973.0337973391031,,
WARM_LPSCREEN_T010,heuristic,36,15.7248435,58.00016,0.0,0.0,2165.131503179844,27325.547164572345,,
WARM_LPSCREEN_T020,heuristic,42,13.5935155,95.23706524999999,0.0,0.0,3.558967318099791,29500.509047556894,,
WARM_LPSCREEN_T030,heuristic,36,15.8990255,96.2216315,0.0,1.0,3.558967318099791,20062.50685278399,,
WARM_LPSCREEN_T050,heuristic,36,18.3368615,127.10741824999998,0.0,1.0,0.0,14159.30287993286,,
WARM_LPSCREEN_T080,heuristic,36,59.500333,194.11781000000002,0.0,1.0,0.0,4843.345909928238,,
WARM_PRUNE_LAZY_T010,heuristic,36,28.423333,93.22390675000001,0.0,1.0,0.0,2752.3598779986096,,
WARM_PRUNE_LAZY_T020,heuristic,36,22.853557,92.69867225,0.0,1.0,0.0,1693.830850425535,,
WARM_PRUNE_LAZY_T030,heuristic,60,242.96622,1836.75674525,1.0,1.0,0.0,1455.6005598628271,,
WARM_PRUNE_LAZY_T050,heuristic,36,23.6524955,93.23830174999999,0.0,1.0,0.0,1276.8172094880404,,
WARM_PRUNE_LAZY_T080,heuristic,36,29.919608500000002,93.327528,0.0,1.0,0.0,958.8104536436695,,
WARM_PRUNE_T010,heuristic,36,13.815702499999999,45.9993065,0.0,0.0,208.75185894806384,30076.362003488885,,
WARM_PRUNE_T020,heuristic,36,13.952602500000001,45.033395,0.0,0.0,0.0,38906.07774073684,,
WARM_PRUNE_T030,heuristic,36,14.092175999999998,53.0636855,0.0,0.0,3.558967318099791,22220.349533513712,,
WARM_PRUNE_T050,heuristic,36,13.7998515,113.74062675,0.0,1.0,0.0,15946.47255798509,,
WARM_PRUNE_T080,heuristic,36,65.86448,195.09267425,0.5,1.0,0.0,4953.389044523661,,
WARM_SR_LAZY,exact,42,83.6242175,244.7361365,1.0,1.0,70.60063400540099,14465.982608876151,,
