timestamp,instance_name,split,method,status,runtime_sec,obj_val,num_vars,num_constrs,num_bin_vars,num_int_vars,max_constraint_violation
2025-09-07 15:25:22,matpower/case118/2017-01-02,train,raw,OPTIMAL,55.090000,4844424.994625,49068,1597536,5832,5832,0.00000000
2025-09-07 15:27:08,matpower/case118/2017-01-05,train,raw,OPTIMAL,51.497000,6167079.101966,49068,1597536,5832,5832,0.00000000
2025-09-07 15:28:57,matpower/case118/2017-01-06,train,raw,OPTIMAL,52.439000,6043528.811815,49068,1597536,5832,5832,0.00000000
2025-09-07 15:30:43,matpower/case118/2017-01-07,train,raw,OPTIMAL,49.491000,6299208.822867,49068,1597536,5832,5832,0.00000000
2025-09-07 15:32:29,matpower/case118/2017-01-08,train,raw,OPTIMAL,51.063000,6384833.162047,49068,1597536,5832,5832,0.00000000
2025-09-07 15:34:17,matpower/case118/2017-01-11,train,raw,OPTIMAL,52.731000,5213619.814083,49068,1597536,5832,5832,0.00000000
2025-09-07 15:36:06,matpower/case118/2017-01-12,train,raw,OPTIMAL,51.634000,4984328.982647,49068,1597536,5832,5832,0.00000000
2025-09-07 15:37:55,matpower/case118/2017-01-15,train,raw,OPTIMAL,52.224000,4815570.136330,49068,1597536,5832,5832,0.00000000
2025-09-07 15:39:45,matpower/case118/2017-01-16,train,raw,OPTIMAL,52.766000,5480572.300569,49068,1597536,5832,5832,0.00000000
2025-09-07 15:41:35,matpower/case118/2017-01-17,train,raw,OPTIMAL,51.716000,5497060.046869,49068,1597536,5832,5832,0.00000000
2025-09-07 15:43:20,matpower/case118/2017-01-18,train,raw,OPTIMAL,46.575000,5393659.533144,49068,1597536,5832,5832,0.00000000
2025-09-07 15:45:00,matpower/case118/2017-01-19,train,raw,OPTIMAL,47.299000,5469032.706635,49068,1597536,5832,5832,0.00000000
2025-09-07 15:46:43,matpower/case118/2017-01-21,train,raw,OPTIMAL,46.435000,5011221.001296,49068,1597536,5832,5832,0.00000000
2025-09-07 15:48:34,matpower/case118/2017-01-22,train,raw,OPTIMAL,51.166000,5191372.832008,49068,1597536,5832,5832,0.00000000
2025-09-07 15:50:24,matpower/case118/2017-01-23,train,raw,OPTIMAL,53.137000,5868275.365160,49068,1597536,5832,5832,0.00000000
2025-09-07 15:52:13,matpower/case118/2017-01-26,train,raw,OPTIMAL,50.482000,5269491.012978,49068,1597536,5832,5832,0.00000000
2025-09-07 15:54:04,matpower/case118/2017-01-27,train,raw,OPTIMAL,52.845000,4828403.541371,49068,1597536,5832,5832,0.00000000
2025-09-07 15:55:53,matpower/case118/2017-01-31,train,raw,OPTIMAL,50.383000,5631243.555296,49068,1597536,5832,5832,0.00000000
2025-09-07 15:57:35,matpower/case118/2017-02-01,train,raw,OPTIMAL,48.977000,5728872.209972,49068,1597536,5832,5832,0.00000000
2025-09-07 15:59:26,matpower/case118/2017-02-02,train,raw,OPTIMAL,54.495000,5964267.232530,49068,1597536,5832,5832,0.00000000
2025-09-07 16:01:17,matpower/case118/2017-02-03,train,raw,OPTIMAL,53.007000,5857914.303498,49068,1597536,5832,5832,0.00000000
2025-09-07 16:03:08,matpower/case118/2017-02-05,train,raw,OPTIMAL,52.201000,5226625.044439,49068,1597536,5832,5832,0.00000000
2025-09-07 16:04:49,matpower/case118/2017-02-06,train,raw,OPTIMAL,46.947000,5337348.583769,49068,1597536,5832,5832,0.00000000
2025-09-07 16:06:28,matpower/case118/2017-02-08,train,raw,OPTIMAL,46.954000,5032278.961333,49068,1597536,5832,5832,0.00000000
2025-09-07 16:08:09,matpower/case118/2017-02-09,train,raw,OPTIMAL,45.544000,6543758.221165,49068,1597536,5832,5832,0.00000000
2025-09-07 16:09:49,matpower/case118/2017-02-11,train,raw,OPTIMAL,47.102000,5629484.377440,49068,1597536,5832,5832,0.00000000
2025-09-07 16:11:32,matpower/case118/2017-02-13,train,raw,OPTIMAL,50.509000,6487317.536677,49068,1597536,5832,5832,0.00000000
2025-09-07 16:13:16,matpower/case118/2017-02-14,train,raw,OPTIMAL,50.835000,6516423.306406,49068,1597536,5832,5832,0.00000000
2025-09-07 16:14:55,matpower/case118/2017-02-15,train,raw,OPTIMAL,47.938000,6058511.991679,49068,1597536,5832,5832,0.00000000
2025-09-07 16:16:40,matpower/case118/2017-02-16,train,raw,OPTIMAL,50.733000,6435605.444325,49068,1597536,5832,5832,0.00000000
2025-09-07 16:18:27,matpower/case118/2017-02-17,train,raw,OPTIMAL,50.999000,5172179.310743,49068,1597536,5832,5832,0.00000000
2025-09-07 16:20:19,matpower/case118/2017-02-18,train,raw,OPTIMAL,54.471000,4306920.128827,49068,1597536,5832,5832,0.00000000
2025-09-07 16:22:07,matpower/case118/2017-02-19,train,raw,OPTIMAL,50.094000,4181299.025532,49068,1597536,5832,5832,0.00000000
2025-09-07 16:23:54,matpower/case118/2017-02-20,train,raw,OPTIMAL,50.395000,4841724.610617,49068,1597536,5832,5832,0.00000000
2025-09-07 16:25:51,matpower/case118/2017-02-21,train,raw,OPTIMAL,55.093000,4949937.818419,49068,1597536,5832,5832,0.00000000
2025-09-07 16:27:42,matpower/case118/2017-02-23,train,raw,OPTIMAL,55.086000,4396036.178819,49068,1597536,5832,5832,0.00000000
2025-09-07 16:29:26,matpower/case118/2017-02-24,train,raw,OPTIMAL,50.703000,4062168.967666,49068,1597536,5832,5832,0.00000000
2025-09-07 16:31:17,matpower/case118/2017-02-26,train,raw,OPTIMAL,50.700000,3919573.303562,49068,1597536,5832,5832,0.00000000
2025-09-07 16:33:04,matpower/case118/2017-02-27,train,raw,OPTIMAL,51.598000,4576743.106220,49068,1597536,5832,5832,0.00000000
2025-09-07 16:34:49,matpower/case118/2017-03-01,train,raw,OPTIMAL,49.696000,4271665.729725,49068,1597536,5832,5832,0.00000000
2025-09-07 17:35:52,matpower/case118/2017-03-02,train,raw,TIME_LIMIT,3611.311000,37469411.810272,49068,1597536,5832,5832,0.00000000
2025-09-07 17:36:56,matpower/case118/2017-03-03,train,raw,OPTIMAL,30.794000,4575087.766783,49068,1597536,5832,5832,0.00000000
2025-09-07 17:38:03,matpower/case118/2017-03-05,train,raw,OPTIMAL,35.391000,4529769.924424,49068,1597536,5832,5832,0.00000000
2025-09-07 17:39:16,matpower/case118/2017-03-06,train,raw,OPTIMAL,34.486000,4199555.092940,49068,1597536,5832,5832,0.00000000
2025-09-07 17:40:57,matpower/case118/2017-03-08,train,raw,OPTIMAL,48.579000,4011638.378017,49068,1597536,5832,5832,0.00000000
2025-09-07 17:42:38,matpower/case118/2017-03-12,train,raw,OPTIMAL,48.008000,4973945.243072,49068,1597536,5832,5832,0.00000000
2025-09-07 17:44:21,matpower/case118/2017-03-13,train,raw,OPTIMAL,49.651000,5205316.056590,49068,1597536,5832,5832,0.00000000
2025-09-07 17:46:00,matpower/case118/2017-03-15,train,raw,OPTIMAL,46.031000,5716822.119742,49068,1597536,5832,5832,0.00000000
2025-09-07 17:47:48,matpower/case118/2017-03-16,train,raw,OPTIMAL,53.990000,5566720.195358,49068,1597536,5832,5832,0.00000000
2025-09-07 17:49:26,matpower/case118/2017-03-17,train,raw,OPTIMAL,45.756000,4566031.760944,49068,1597536,5832,5832,0.00000000
2025-09-07 17:51:06,matpower/case118/2017-03-18,train,raw,OPTIMAL,47.892000,3952126.170027,49068,1597536,5832,5832,0.00000000
2025-09-07 17:52:46,matpower/case118/2017-03-19,train,raw,OPTIMAL,46.852000,4254333.768088,49068,1597536,5832,5832,0.00000000
2025-09-07 17:54:25,matpower/case118/2017-03-21,train,raw,OPTIMAL,46.823000,4432492.031231,49068,1597536,5832,5832,0.00000000
2025-09-07 17:56:04,matpower/case118/2017-03-22,train,raw,OPTIMAL,47.094000,5235438.723326,49068,1597536,5832,5832,0.00000000
2025-09-07 17:57:49,matpower/case118/2017-03-24,train,raw,OPTIMAL,52.311000,4128644.461442,49068,1597536,5832,5832,0.00000000
2025-09-07 17:59:22,matpower/case118/2017-03-27,train,raw,OPTIMAL,45.238000,3912062.165023,49068,1597536,5832,5832,0.00000000
2025-09-07 18:00:34,matpower/case118/2017-03-28,train,raw,OPTIMAL,38.330000,3893639.718969,49068,1597536,5832,5832,0.00000000
2025-09-07 18:01:43,matpower/case118/2017-03-31,train,raw,OPTIMAL,35.702000,4343389.856328,49068,1597536,5832,5832,0.00000000
2025-09-07 18:02:54,matpower/case118/2017-04-01,train,raw,OPTIMAL,37.516000,3797531.537966,49068,1597536,5832,5832,0.00000000
2025-09-07 18:04:02,matpower/case118/2017-04-03,train,raw,OPTIMAL,34.919000,4207331.420769,49068,1597536,5832,5832,0.00000000
2025-09-07 18:05:11,matpower/case118/2017-04-04,train,raw,OPTIMAL,35.043000,4160707.421025,49068,1597536,5832,5832,0.00000000
2025-09-07 18:06:18,matpower/case118/2017-04-05,train,raw,OPTIMAL,33.562000,4171037.070334,49068,1597536,5832,5832,0.00000000
2025-09-07 18:07:26,matpower/case118/2017-04-06,train,raw,OPTIMAL,34.224000,4377494.529453,49068,1597536,5832,5832,0.00000000
2025-09-07 18:08:32,matpower/case118/2017-04-08,train,raw,OPTIMAL,32.845000,3839159.623285,49068,1597536,5832,5832,0.00000000
2025-09-07 18:09:38,matpower/case118/2017-04-09,train,raw,OPTIMAL,32.474000,3783646.272427,49068,1597536,5832,5832,0.00000000
2025-09-07 18:10:47,matpower/case118/2017-04-10,train,raw,OPTIMAL,35.507000,4148696.243938,49068,1597536,5832,5832,0.00000000
2025-09-07 18:11:54,matpower/case118/2017-04-11,train,raw,OPTIMAL,33.866000,4243802.950110,49068,1597536,5832,5832,0.00000000
2025-09-07 18:13:05,matpower/case118/2017-04-12,train,raw,OPTIMAL,36.950000,4104851.344508,49068,1597536,5832,5832,0.00000000
2025-09-07 18:14:11,matpower/case118/2017-04-13,train,raw,OPTIMAL,33.572000,3954991.706927,49068,1597536,5832,5832,0.00000000
2025-09-07 18:15:21,matpower/case118/2017-04-15,train,raw,OPTIMAL,35.853000,3415974.662532,49068,1597536,5832,5832,0.00000000
2025-09-07 18:16:30,matpower/case118/2017-04-16,train,raw,OPTIMAL,35.656000,3867060.292944,49068,1597536,5832,5832,0.00000000
2025-09-07 18:17:39,matpower/case118/2017-04-18,train,raw,OPTIMAL,35.009000,3712398.412625,49068,1597536,5832,5832,0.00000000
2025-09-07 18:18:48,matpower/case118/2017-04-19,train,raw,OPTIMAL,35.521000,3622366.935837,49068,1597536,5832,5832,0.00000000
2025-09-07 18:19:59,matpower/case118/2017-04-21,train,raw,OPTIMAL,37.145000,3716777.948732,49068,1597536,5832,5832,0.00000000
2025-09-07 18:21:10,matpower/case118/2017-04-23,train,raw,OPTIMAL,36.935000,3471886.716562,49068,1597536,5832,5832,0.00000000
2025-09-07 18:22:20,matpower/case118/2017-04-24,train,raw,OPTIMAL,36.313000,3946647.354799,49068,1597536,5832,5832,0.00000000
2025-09-07 18:23:29,matpower/case118/2017-04-26,train,raw,OPTIMAL,35.215000,3862320.875425,49068,1597536,5832,5832,0.00000000
2025-09-07 18:24:36,matpower/case118/2017-04-27,train,raw,OPTIMAL,33.127000,4197050.723042,49068,1597536,5832,5832,0.00000000
2025-09-07 18:25:51,matpower/case118/2017-04-28,train,raw,OPTIMAL,41.455000,4098212.276202,49068,1597536,5832,5832,0.00000000
2025-09-07 18:27:02,matpower/case118/2017-04-29,train,raw,OPTIMAL,37.671000,3664533.362046,49068,1597536,5832,5832,0.00000000
2025-09-07 18:28:16,matpower/case118/2017-04-30,train,raw,OPTIMAL,40.990000,3334215.590560,49068,1597536,5832,5832,0.00000000
2025-09-07 18:29:33,matpower/case118/2017-05-01,train,raw,OPTIMAL,42.983000,3641876.035388,49068,1597536,5832,5832,0.00000000
2025-09-07 18:30:45,matpower/case118/2017-05-02,train,raw,OPTIMAL,38.651000,3425601.368909,49068,1597536,5832,5832,0.00000000
2025-09-07 18:31:59,matpower/case118/2017-05-03,train,raw,OPTIMAL,39.827000,3148494.536617,49068,1597536,5832,5832,0.00000000
2025-09-07 18:33:11,matpower/case118/2017-05-05,train,raw,OPTIMAL,39.102000,3457470.714886,49068,1597536,5832,5832,0.00000000
2025-09-07 18:34:34,matpower/case118/2017-05-06,train,raw,OPTIMAL,49.437000,3146014.863390,49068,1597536,5832,5832,0.00000000
2025-09-07 18:35:47,matpower/case118/2017-05-07,train,raw,OPTIMAL,38.135000,3328166.488035,49068,1597536,5832,5832,0.00000000
2025-09-07 18:37:01,matpower/case118/2017-05-08,train,raw,OPTIMAL,39.332000,3839142.063299,49068,1597536,5832,5832,0.00000000
2025-09-07 18:38:11,matpower/case118/2017-05-10,train,raw,OPTIMAL,36.447000,4097579.202842,49068,1597536,5832,5832,0.00000000
2025-09-07 18:39:24,matpower/case118/2017-05-11,train,raw,OPTIMAL,38.933000,4286083.017911,49068,1597536,5832,5832,0.00000000
2025-09-07 18:40:32,matpower/case118/2017-05-12,train,raw,OPTIMAL,34.749000,4202750.880985,49068,1597536,5832,5832,0.00000000
2025-09-07 18:41:40,matpower/case118/2017-05-14,train,raw,OPTIMAL,34.363000,3859630.151647,49068,1597536,5832,5832,0.00000000
2025-09-07 18:42:48,matpower/case118/2017-05-15,train,raw,OPTIMAL,33.966000,4237803.206300,49068,1597536,5832,5832,0.00000000
2025-09-07 18:43:55,matpower/case118/2017-05-17,train,raw,OPTIMAL,33.366000,5198766.939996,49068,1597536,5832,5832,0.00000000
2025-09-07 18:45:20,matpower/case118/2017-05-19,train,raw,OPTIMAL,51.779000,4869262.594291,49068,1597536,5832,5832,0.00000000
2025-09-07 18:46:44,matpower/case118/2017-05-20,train,raw,OPTIMAL,50.788000,3421401.080674,49068,1597536,5832,5832,0.00000000
2025-09-07 18:47:52,matpower/case118/2017-05-21,train,raw,OPTIMAL,33.866000,3343782.037784,49068,1597536,5832,5832,0.00000000
2025-09-07 18:49:01,matpower/case118/2017-05-23,train,raw,OPTIMAL,35.188000,3869732.579024,49068,1597536,5832,5832,0.00000000
2025-09-07 18:50:08,matpower/case118/2017-05-24,train,raw,OPTIMAL,34.304000,4005402.262152,49068,1597536,5832,5832,0.00000000
2025-09-07 18:51:19,matpower/case118/2017-05-26,train,raw,OPTIMAL,36.440000,3682976.603357,49068,1597536,5832,5832,0.00000000
2025-09-07 18:52:28,matpower/case118/2017-05-29,train,raw,OPTIMAL,36.457000,3347867.449056,49068,1597536,5832,5832,0.00000000
2025-09-07 18:53:37,matpower/case118/2017-05-30,train,raw,OPTIMAL,34.654000,3792689.726057,49068,1597536,5832,5832,0.00000000
2025-09-07 18:54:44,matpower/case118/2017-05-31,train,raw,OPTIMAL,33.312000,4029163.925489,49068,1597536,5832,5832,0.00000000
2025-09-07 18:55:50,matpower/case118/2017-06-01,train,raw,OPTIMAL,32.486000,4022639.377375,49068,1597536,5832,5832,0.00000000
2025-09-07 18:56:57,matpower/case118/2017-06-02,train,raw,OPTIMAL,33.593000,4069430.341564,49068,1597536,5832,5832,0.00000000
2025-09-07 18:58:05,matpower/case118/2017-06-03,train,raw,OPTIMAL,34.876000,3830197.760638,49068,1597536,5832,5832,0.00000000
2025-09-07 18:59:14,matpower/case118/2017-06-04,train,raw,OPTIMAL,34.281000,4135732.697740,49068,1597536,5832,5832,0.00000000
2025-09-07 19:00:21,matpower/case118/2017-06-05,train,raw,OPTIMAL,34.147000,4602207.658313,49068,1597536,5832,5832,0.00000000
2025-09-07 19:01:27,matpower/case118/2017-06-06,train,raw,OPTIMAL,32.508000,4279056.578223,49068,1597536,5832,5832,0.00000000
2025-09-07 19:02:38,matpower/case118/2017-06-07,train,raw,OPTIMAL,36.936000,3993973.402546,49068,1597536,5832,5832,0.00000000
2025-09-07 19:03:58,matpower/case118/2017-06-08,train,raw,OPTIMAL,46.189000,4096615.493010,49068,1597536,5832,5832,0.00000000
2025-09-07 19:05:04,matpower/case118/2017-06-09,train,raw,OPTIMAL,32.890000,4384073.933709,49068,1597536,5832,5832,0.00000000
2025-09-07 19:06:14,matpower/case118/2017-06-11,train,raw,OPTIMAL,36.197000,5561841.926280,49068,1597536,5832,5832,0.00000000
2025-09-07 19:07:26,matpower/case118/2017-06-12,train,raw,OPTIMAL,38.419000,6831236.907647,49068,1597536,5832,5832,0.00000000
2025-09-07 19:08:35,matpower/case118/2017-06-13,train,raw,OPTIMAL,35.624000,7028557.702271,49068,1597536,5832,5832,0.00000000
2025-09-07 19:09:43,matpower/case118/2017-06-16,train,raw,OPTIMAL,33.579000,5157460.944670,49068,1597536,5832,5832,0.00000000
2025-09-07 19:10:51,matpower/case118/2017-06-17,train,raw,OPTIMAL,34.958000,5352297.256413,49068,1597536,5832,5832,0.00000000
2025-09-07 19:12:19,matpower/case118/2017-06-19,train,raw,OPTIMAL,50.931000,6499380.324378,49068,1597536,5832,5832,0.00000000
2025-09-07 19:13:50,matpower/case118/2017-06-20,train,raw,OPTIMAL,42.686000,6254019.129143,49068,1597536,5832,5832,0.00000000
2025-09-07 19:15:27,matpower/case118/2017-06-21,train,raw,OPTIMAL,47.914000,6115423.044228,49068,1597536,5832,5832,0.00000000
2025-09-07 19:16:50,matpower/case118/2017-06-22,train,raw,OPTIMAL,41.564000,6943090.599400,49068,1597536,5832,5832,0.00000000
2025-09-07 19:18:07,matpower/case118/2017-06-23,train,raw,OPTIMAL,38.693000,6768858.612653,49068,1597536,5832,5832,0.00000000
2025-09-07 19:19:30,matpower/case118/2017-06-24,train,raw,OPTIMAL,39.191000,5943870.983599,49068,1597536,5832,5832,0.00000000
2025-09-07 19:20:53,matpower/case118/2017-06-26,train,raw,OPTIMAL,40.365000,5399307.877929,49068,1597536,5832,5832,0.00000000
2025-09-07 19:22:13,matpower/case118/2017-06-29,train,raw,OPTIMAL,40.955000,6912090.455089,49068,1597536,5832,5832,0.00000000
2025-09-07 19:23:38,matpower/case118/2017-06-30,train,raw,OPTIMAL,44.173000,7285093.940495,49068,1597536,5832,5832,0.00000000
2025-09-07 19:24:57,matpower/case118/2017-07-01,train,raw,OPTIMAL,39.156000,6841148.159642,49068,1597536,5832,5832,0.00000000
2025-09-07 19:26:26,matpower/case118/2017-07-02,train,raw,OPTIMAL,44.897000,6750133.232013,49068,1597536,5832,5832,0.00000000
2025-09-07 19:27:48,matpower/case118/2017-07-04,train,raw,OPTIMAL,40.266000,6170160.162100,49068,1597536,5832,5832,0.00000000
2025-09-07 19:29:07,matpower/case118/2017-07-05,train,raw,OPTIMAL,37.872000,6290768.857808,49068,1597536,5832,5832,0.00000000
2025-09-07 19:30:34,matpower/case118/2017-07-06,train,raw,OPTIMAL,42.421000,6144488.226836,49068,1597536,5832,5832,0.00000000
2025-09-07 19:31:55,matpower/case118/2017-07-07,train,raw,OPTIMAL,40.728000,6606131.315061,49068,1597536,5832,5832,0.00000000
2025-09-07 19:33:12,matpower/case118/2017-07-08,train,raw,OPTIMAL,38.370000,6163530.041813,49068,1597536,5832,5832,0.00000000
2025-09-07 19:34:30,matpower/case118/2017-07-10,train,raw,OPTIMAL,40.601000,6723077.062295,49068,1597536,5832,5832,0.00000000
2025-09-07 19:35:59,matpower/case118/2017-07-11,train,raw,OPTIMAL,47.174000,7574380.225344,49068,1597536,5832,5832,0.00000000
2025-09-07 19:37:25,matpower/case118/2017-07-12,train,raw,OPTIMAL,44.265000,8043371.313534,49068,1597536,5832,5832,0.00000000
2025-09-07 19:39:04,matpower/case118/2017-07-13,train,raw,OPTIMAL,52.204000,8244642.286241,49068,1597536,5832,5832,0.00000000
2025-09-07 19:40:51,matpower/case118/2017-07-15,train,raw,OPTIMAL,56.484000,6031414.621420,49068,1597536,5832,5832,0.00000000
2025-09-07 19:42:29,matpower/case118/2017-07-17,train,raw,OPTIMAL,49.776000,6803831.274196,49068,1597536,5832,5832,0.00000000
2025-09-07 19:44:03,matpower/case118/2017-07-20,train,raw,OPTIMAL,47.025000,8294303.589356,49068,1597536,5832,5832,0.00000000
2025-09-07 19:45:33,matpower/case118/2017-07-22,train,raw,OPTIMAL,43.207000,6952032.417987,49068,1597536,5832,5832,0.00000000
2025-09-07 19:46:48,matpower/case118/2017-07-23,train,raw,OPTIMAL,37.050000,6306408.303979,49068,1597536,5832,5832,0.00000000
2025-09-07 19:48:06,matpower/case118/2017-07-24,train,raw,OPTIMAL,40.182000,6542528.028154,49068,1597536,5832,5832,0.00000000
2025-09-07 19:49:25,matpower/case118/2017-07-25,train,raw,OPTIMAL,40.880000,5640035.352644,49068,1597536,5832,5832,0.00000000
2025-09-07 19:50:40,matpower/case118/2017-07-27,train,raw,OPTIMAL,34.618000,6325908.445528,49068,1597536,5832,5832,0.00000000
2025-09-07 19:51:58,matpower/case118/2017-07-28,train,raw,OPTIMAL,40.782000,5905925.848222,49068,1597536,5832,5832,0.00000000
2025-09-07 19:53:21,matpower/case118/2017-07-29,train,raw,OPTIMAL,44.685000,4784025.638924,49068,1597536,5832,5832,0.00000000
2025-09-07 19:54:40,matpower/case118/2017-07-30,train,raw,OPTIMAL,41.779000,4977556.442801,49068,1597536,5832,5832,0.00000000
2025-09-07 19:55:58,matpower/case118/2017-08-01,train,raw,OPTIMAL,40.114000,7032106.233454,49068,1597536,5832,5832,0.00000000
2025-09-07 19:57:15,matpower/case118/2017-08-02,train,raw,OPTIMAL,38.662000,7191421.118098,49068,1597536,5832,5832,0.00000000
2025-09-07 19:58:33,matpower/case118/2017-08-03,train,raw,OPTIMAL,40.518000,6928621.044160,49068,1597536,5832,5832,0.00000000
2025-09-07 19:59:42,matpower/case118/2017-08-04,train,raw,OPTIMAL,31.740000,5716370.772767,49068,1597536,5832,5832,0.00000000
2025-09-07 20:00:51,matpower/case118/2017-08-05,train,raw,OPTIMAL,30.528000,4473785.203581,49068,1597536,5832,5832,0.00000000
2025-09-07 20:02:02,matpower/case118/2017-08-06,train,raw,OPTIMAL,33.735000,4462039.173785,49068,1597536,5832,5832,0.00000000
2025-09-07 20:03:15,matpower/case118/2017-08-07,train,raw,OPTIMAL,34.512000,4894355.582060,49068,1597536,5832,5832,0.00000000
2025-09-07 20:04:23,matpower/case118/2017-08-08,train,raw,OPTIMAL,30.152000,4678418.722312,49068,1597536,5832,5832,0.00000000
2025-09-07 20:05:34,matpower/case118/2017-08-10,train,raw,OPTIMAL,32.986000,5255912.625233,49068,1597536,5832,5832,0.00000000
2025-09-07 20:06:45,matpower/case118/2017-08-11,train,raw,OPTIMAL,33.113000,5088299.336459,49068,1597536,5832,5832,0.00000000
2025-09-07 20:07:53,matpower/case118/2017-08-12,train,raw,OPTIMAL,31.003000,4682626.480520,49068,1597536,5832,5832,0.00000000
2025-09-07 20:09:07,matpower/case118/2017-08-13,train,raw,OPTIMAL,35.757000,5067979.391381,49068,1597536,5832,5832,0.00000000
2025-09-07 20:10:20,matpower/case118/2017-08-15,train,raw,OPTIMAL,35.184000,6166905.223574,49068,1597536,5832,5832,0.00000000
2025-09-07 20:11:33,matpower/case118/2017-08-16,train,raw,OPTIMAL,35.942000,6270556.525602,49068,1597536,5832,5832,0.00000000
2025-09-07 20:12:52,matpower/case118/2017-08-19,train,raw,OPTIMAL,36.861000,5963298.153728,49068,1597536,5832,5832,0.00000000
2025-09-07 20:14:18,matpower/case118/2017-08-20,train,raw,OPTIMAL,38.808000,5618304.246837,49068,1597536,5832,5832,0.00000000
2025-09-07 20:15:36,matpower/case118/2017-08-23,train,raw,OPTIMAL,34.178000,5527847.505455,49068,1597536,5832,5832,0.00000000
2025-09-07 20:16:46,matpower/case118/2017-08-24,train,raw,OPTIMAL,32.022000,5041526.885678,49068,1597536,5832,5832,0.00000000
2025-09-07 20:17:56,matpower/case118/2017-08-25,train,raw,OPTIMAL,31.557000,4649000.289135,49068,1597536,5832,5832,0.00000000
2025-09-07 20:19:09,matpower/case118/2017-08-27,train,raw,OPTIMAL,33.987000,4726128.564341,49068,1597536,5832,5832,0.00000000
2025-09-07 20:20:22,matpower/case118/2017-08-28,train,raw,OPTIMAL,35.501000,5073149.711993,49068,1597536,5832,5832,0.00000000
2025-09-07 20:21:37,matpower/case118/2017-08-29,train,raw,OPTIMAL,36.468000,4972191.972984,49068,1597536,5832,5832,0.00000000
2025-09-07 20:22:53,matpower/case118/2017-08-30,train,raw,OPTIMAL,37.031000,5139353.357207,49068,1597536,5832,5832,0.00000000
2025-09-07 20:24:04,matpower/case118/2017-08-31,train,raw,OPTIMAL,33.092000,5205242.626132,49068,1597536,5832,5832,0.00000000
2025-09-07 20:25:19,matpower/case118/2017-09-01,train,raw,OPTIMAL,36.753000,4445141.324649,49068,1597536,5832,5832,0.00000000
2025-09-07 20:26:29,matpower/case118/2017-09-03,train,raw,OPTIMAL,31.560000,3958686.928733,49068,1597536,5832,5832,0.00000000
2025-09-07 20:27:38,matpower/case118/2017-09-04,train,raw,OPTIMAL,31.663000,4596881.544678,49068,1597536,5832,5832,0.00000000
2025-09-07 20:28:54,matpower/case118/2017-09-05,train,raw,OPTIMAL,36.959000,5377747.169863,49068,1597536,5832,5832,0.00000000
2025-09-07 20:30:07,matpower/case118/2017-09-06,train,raw,OPTIMAL,35.454000,4507919.277645,49068,1597536,5832,5832,0.00000000
2025-09-07 20:31:21,matpower/case118/2017-09-07,train,raw,OPTIMAL,35.406000,4250606.715186,49068,1597536,5832,5832,0.00000000
2025-09-07 20:32:34,matpower/case118/2017-09-08,train,raw,OPTIMAL,34.934000,4234277.016958,49068,1597536,5832,5832,0.00000000
2025-09-07 20:33:44,matpower/case118/2017-09-09,train,raw,OPTIMAL,31.958000,3890682.501230,49068,1597536,5832,5832,0.00000000
2025-09-07 20:34:55,matpower/case118/2017-09-10,train,raw,OPTIMAL,32.027000,3855912.578037,49068,1597536,5832,5832,0.00000000
2025-09-07 20:36:05,matpower/case118/2017-09-11,train,raw,OPTIMAL,32.459000,4344944.704115,49068,1597536,5832,5832,0.00000000
2025-09-07 20:37:25,matpower/case118/2017-09-13,train,raw,OPTIMAL,42.088000,5108285.700511,49068,1597536,5832,5832,0.00000000
2025-09-07 20:38:39,matpower/case118/2017-09-15,train,raw,OPTIMAL,36.910000,5347011.299289,49068,1597536,5832,5832,0.00000000
2025-09-07 20:40:02,matpower/case118/2017-09-16,train,raw,OPTIMAL,45.275000,4853432.130091,49068,1597536,5832,5832,0.00000000
2025-09-07 20:41:18,matpower/case118/2017-09-19,train,raw,OPTIMAL,38.505000,5522254.393697,49068,1597536,5832,5832,0.00000000
2025-09-07 20:42:24,matpower/case118/2017-09-20,train,raw,OPTIMAL,29.104000,6047014.629529,49068,1597536,5832,5832,0.00000000
2025-09-07 20:43:31,matpower/case118/2017-09-21,train,raw,OPTIMAL,29.854000,6782521.398857,49068,1597536,5832,5832,0.00000000
2025-09-07 20:44:46,matpower/case118/2017-09-23,train,raw,OPTIMAL,36.374000,5914977.160948,49068,1597536,5832,5832,0.00000000
2025-09-07 20:45:55,matpower/case118/2017-09-24,train,raw,OPTIMAL,30.294000,5965216.148182,49068,1597536,5832,5832,0.00000000
2025-09-07 20:47:07,matpower/case118/2017-09-25,train,raw,OPTIMAL,33.440000,5921083.880496,49068,1597536,5832,5832,0.00000000
2025-09-07 20:48:19,matpower/case118/2017-09-26,train,raw,OPTIMAL,33.230000,5701961.203263,49068,1597536,5832,5832,0.00000000
2025-09-07 20:49:31,matpower/case118/2017-09-27,train,raw,OPTIMAL,32.351000,5892580.996132,49068,1597536,5832,5832,0.00000000
2025-09-07 20:50:52,matpower/case118/2017-09-28,train,raw,OPTIMAL,42.250000,4918034.734452,49068,1597536,5832,5832,0.00000000
2025-09-07 20:52:10,matpower/case118/2017-09-29,train,raw,OPTIMAL,38.005000,4216099.256562,49068,1597536,5832,5832,0.00000000
2025-09-07 20:53:23,matpower/case118/2017-10-03,train,raw,OPTIMAL,32.782000,4034790.446439,49068,1597536,5832,5832,0.00000000
2025-09-07 20:54:31,matpower/case118/2017-10-04,train,raw,OPTIMAL,31.075000,4211363.866819,49068,1597536,5832,5832,0.00000000
2025-09-07 20:55:46,matpower/case118/2017-10-08,train,raw,OPTIMAL,36.968000,4936522.777999,49068,1597536,5832,5832,0.00000000
2025-09-07 20:57:05,matpower/case118/2017-10-09,train,raw,OPTIMAL,39.777000,5136305.153035,49068,1597536,5832,5832,0.00000000
2025-09-07 20:58:25,matpower/case118/2017-10-10,train,raw,OPTIMAL,38.858000,5193624.828247,49068,1597536,5832,5832,0.00000000
2025-09-07 20:59:49,matpower/case118/2017-10-11,train,raw,OPTIMAL,39.542000,4846560.943793,49068,1597536,5832,5832,0.00000000
2025-09-07 21:01:01,matpower/case118/2017-10-12,train,raw,OPTIMAL,31.846000,4919827.308497,49068,1597536,5832,5832,0.00000000
2025-09-07 21:02:31,matpower/case118/2017-10-13,train,raw,OPTIMAL,43.143000,4815672.855264,49068,1597536,5832,5832,0.00000000
2025-09-07 21:03:46,matpower/case118/2017-10-14,train,raw,OPTIMAL,33.134000,4329656.218314,49068,1597536,5832,5832,0.00000000
2025-09-07 21:04:57,matpower/case118/2017-10-15,train,raw,OPTIMAL,33.864000,4758333.790294,49068,1597536,5832,5832,0.00000000
2025-09-07 21:06:05,matpower/case118/2017-10-16,train,raw,OPTIMAL,30.625000,4525207.399472,49068,1597536,5832,5832,0.00000000
2025-09-07 21:07:14,matpower/case118/2017-10-17,train,raw,OPTIMAL,31.833000,4501749.530244,49068,1597536,5832,5832,0.00000000
2025-09-07 21:08:23,matpower/case118/2017-10-18,train,raw,OPTIMAL,29.960000,4275350.373972,49068,1597536,5832,5832,0.00000000
2025-09-07 21:09:32,matpower/case118/2017-10-19,train,raw,OPTIMAL,31.040000,4402520.319732,49068,1597536,5832,5832,0.00000000
2025-09-07 21:10:35,matpower/case118/2017-10-21,train,raw,OPTIMAL,25.739000,3724422.274467,49068,1597536,5832,5832,0.00000000
2025-09-07 21:11:43,matpower/case118/2017-10-22,train,raw,OPTIMAL,28.669000,3937706.231190,49068,1597536,5832,5832,0.00000000
2025-09-07 21:12:52,matpower/case118/2017-10-23,train,raw,OPTIMAL,31.315000,4671109.504259,49068,1597536,5832,5832,0.00000000
2025-09-07 21:14:02,matpower/case118/2017-10-24,train,raw,OPTIMAL,30.951000,4788186.196762,49068,1597536,5832,5832,0.00000000
2025-09-07 21:15:10,matpower/case118/2017-10-25,train,raw,OPTIMAL,29.791000,4615796.170281,49068,1597536,5832,5832,0.00000000
2025-09-07 21:16:12,matpower/case118/2017-10-26,train,raw,OPTIMAL,24.307000,4521758.454111,49068,1597536,5832,5832,0.00000000
2025-09-07 21:17:17,matpower/case118/2017-10-27,train,raw,OPTIMAL,26.241000,4324752.648898,49068,1597536,5832,5832,0.00000000
2025-09-07 21:18:24,matpower/case118/2017-10-30,train,raw,OPTIMAL,29.573000,4435014.326699,49068,1597536,5832,5832,0.00000000
2025-09-07 21:19:34,matpower/case118/2017-10-31,train,raw,OPTIMAL,32.016000,4397912.966829,49068,1597536,5832,5832,0.00000000
2025-09-07 21:20:45,matpower/case118/2017-11-02,train,raw,OPTIMAL,32.292000,4383480.832697,49068,1597536,5832,5832,0.00000000
2025-09-07 21:21:56,matpower/case118/2017-11-03,train,raw,OPTIMAL,31.544000,4073100.570532,49068,1597536,5832,5832,0.00000000
2025-09-07 21:23:03,matpower/case118/2017-11-04,train,raw,OPTIMAL,29.361000,3708800.252684,49068,1597536,5832,5832,0.00000000
2025-09-07 21:24:13,matpower/case118/2017-11-05,train,raw,OPTIMAL,31.139000,3853896.665174,49068,1597536,5832,5832,0.00000000
2025-09-07 21:25:24,matpower/case118/2017-11-07,train,raw,OPTIMAL,32.882000,4412630.268749,49068,1597536,5832,5832,0.00000000
2025-09-07 21:26:38,matpower/case118/2017-11-09,train,raw,OPTIMAL,36.122000,4988764.882854,49068,1597536,5832,5832,0.00000000
2025-09-07 21:27:52,matpower/case118/2017-11-10,train,raw,OPTIMAL,36.142000,5343158.469200,49068,1597536,5832,5832,0.00000000
2025-09-07 21:29:16,matpower/case118/2017-11-11,train,raw,OPTIMAL,45.503000,4911581.917400,49068,1597536,5832,5832,0.00000000
2025-09-07 21:30:27,matpower/case118/2017-11-12,train,raw,OPTIMAL,34.589000,4588471.293036,49068,1597536,5832,5832,0.00000000
2025-09-07 21:31:44,matpower/case118/2017-11-15,train,raw,OPTIMAL,39.581000,4711000.468680,49068,1597536,5832,5832,0.00000000
2025-09-07 21:32:57,matpower/case118/2017-11-16,train,raw,OPTIMAL,36.247000,4830258.443147,49068,1597536,5832,5832,0.00000000
2025-09-07 21:34:11,matpower/case118/2017-11-17,train,raw,OPTIMAL,37.296000,4865411.332893,49068,1597536,5832,5832,0.00000000
2025-09-07 21:35:23,matpower/case118/2017-11-18,train,raw,OPTIMAL,35.032000,4189228.854765,49068,1597536,5832,5832,0.00000000
2025-09-07 21:36:34,matpower/case118/2017-11-19,train,raw,OPTIMAL,33.397000,4533965.018477,49068,1597536,5832,5832,0.00000000
2025-09-07 21:38:01,matpower/case118/2017-11-20,train,raw,OPTIMAL,49.616000,5394645.833010,49068,1597536,5832,5832,0.00000000
2025-09-07 21:39:18,matpower/case118/2017-11-21,train,raw,OPTIMAL,40.574000,4915607.260212,49068,1597536,5832,5832,0.00000000
2025-09-07 21:40:28,matpower/case118/2017-11-22,train,raw,OPTIMAL,32.761000,5039652.747192,49068,1597536,5832,5832,0.00000000
2025-09-07 21:41:39,matpower/case118/2017-11-23,train,raw,OPTIMAL,33.648000,5071048.862307,49068,1597536,5832,5832,0.00000000
2025-09-07 21:42:50,matpower/case118/2017-11-25,train,raw,OPTIMAL,33.746000,4389501.766386,49068,1597536,5832,5832,0.00000000
2025-09-07 21:44:01,matpower/case118/2017-11-26,train,raw,OPTIMAL,33.303000,4804721.659951,49068,1597536,5832,5832,0.00000000
2025-09-07 21:45:12,matpower/case118/2017-11-27,train,raw,OPTIMAL,35.092000,5425652.974413,49068,1597536,5832,5832,0.00000000
2025-09-07 21:46:26,matpower/case118/2017-11-28,train,raw,OPTIMAL,36.470000,5055762.295693,49068,1597536,5832,5832,0.00000000
2025-09-07 21:47:34,matpower/case118/2017-11-29,train,raw,OPTIMAL,30.681000,5093437.414405,49068,1597536,5832,5832,0.00000000
2025-09-07 21:48:41,matpower/case118/2017-12-01,train,raw,OPTIMAL,30.682000,5038969.844867,49068,1597536,5832,5832,0.00000000
2025-09-07 21:49:54,matpower/case118/2017-12-03,train,raw,OPTIMAL,35.411000,5230572.745015,49068,1597536,5832,5832,0.00000000
2025-09-07 21:51:05,matpower/case118/2017-12-04,train,raw,OPTIMAL,33.119000,5541161.130095,49068,1597536,5832,5832,0.00000000
2025-09-07 21:52:17,matpower/case118/2017-12-07,train,raw,OPTIMAL,34.894000,6248550.667583,49068,1597536,5832,5832,0.00000000
2025-09-07 21:53:31,matpower/case118/2017-12-08,train,raw,OPTIMAL,36.899000,6742566.350919,49068,1597536,5832,5832,0.00000000
2025-09-07 21:54:48,matpower/case118/2017-12-09,train,raw,OPTIMAL,39.574000,7122495.967886,49068,1597536,5832,5832,0.00000000
2025-09-07 21:56:07,matpower/case118/2017-12-10,train,raw,OPTIMAL,42.491000,7008845.524673,49068,1597536,5832,5832,0.00000000
2025-09-07 21:57:29,matpower/case118/2017-12-11,train,raw,OPTIMAL,44.786000,7530100.866536,49068,1597536,5832,5832,0.00000000
2025-09-07 21:58:39,matpower/case118/2017-12-12,train,raw,OPTIMAL,32.786000,7856643.244367,49068,1597536,5832,5832,0.00000000
2025-09-07 21:59:51,matpower/case118/2017-12-13,train,raw,OPTIMAL,35.365000,8290571.738578,49068,1597536,5832,5832,0.00000000
2025-09-07 22:01:14,matpower/case118/2017-12-15,train,raw,OPTIMAL,45.566000,8527591.871877,49068,1597536,5832,5832,0.00000000
2025-09-07 22:02:33,matpower/case118/2017-12-16,train,raw,OPTIMAL,42.494000,7412840.649605,49068,1597536,5832,5832,0.00000000
2025-09-07 22:03:52,matpower/case118/2017-12-17,train,raw,OPTIMAL,41.073000,7250400.380731,49068,1597536,5832,5832,0.00000000
2025-09-07 22:05:15,matpower/case118/2017-12-19,train,raw,OPTIMAL,45.562000,6842979.051138,49068,1597536,5832,5832,0.00000000
2025-09-07 22:06:40,matpower/case118/2017-12-21,train,raw,OPTIMAL,48.641000,8016928.793169,49068,1597536,5832,5832,0.00000000
2025-09-07 22:07:58,matpower/case118/2017-12-23,train,raw,OPTIMAL,40.595000,5669620.096569,49068,1597536,5832,5832,0.00000000
2025-09-07 22:09:14,matpower/case118/2017-12-24,train,raw,OPTIMAL,38.680000,5917742.516003,49068,1597536,5832,5832,0.00000000
2025-09-07 22:10:26,matpower/case118/2017-12-25,train,raw,OPTIMAL,34.179000,6668344.960969,49068,1597536,5832,5832,0.00000000
2025-09-07 22:11:34,matpower/case118/2017-12-26,train,raw,OPTIMAL,30.980000,7790026.485482,49068,1597536,5832,5832,0.00000000
2025-09-07 22:12:51,matpower/case118/2017-12-27,train,raw,OPTIMAL,39.780000,8499646.127207,49068,1597536,5832,5832,0.00000000
2025-09-07 22:13:58,matpower/case118/2017-12-28,train,raw,OPTIMAL,30.367000,8858302.923714,49068,1597536,5832,5832,0.00000000
2025-09-07 22:15:36,matpower/case118/2017-12-29,train,raw,TIME_LIMIT,60.325000,20127913.524390,49068,1597536,5832,5832,0.00000000
2025-09-07 22:17:00,matpower/case118/2017-12-30,train,raw,OPTIMAL,47.161000,7855732.650394,49068,1597536,5832,5832,0.00000000
2025-09-07 22:18:14,matpower/case118/2017-12-31,train,raw,OPTIMAL,37.167000,8256728.593570,49068,1597536,5832,5832,0.00000000
2025-09-07 22:34:08,matpower/case118/2017-01-09,test,raw,OPTIMAL,14.115000,7078282.549776,49068,83644,5832,5832,0.00000000
2025-09-07 22:34:38,matpower/case118/2017-01-09,test,warm,OPTIMAL,14.850000,7077589.987506,49068,83644,5832,5832,0.00000000
2025-09-07 22:35:00,matpower/case118/2017-01-10,test,raw,OPTIMAL,8.652000,6163863.107085,49068,62022,5832,5832,0.00000000
2025-09-07 22:35:22,matpower/case118/2017-01-10,test,warm,OPTIMAL,8.721000,6440214.280056,49068,62022,5832,5832,8.61214296
2025-09-07 22:35:48,matpower/case118/2017-01-24,test,raw,OPTIMAL,11.785000,5687639.859782,49068,89436,5832,5832,0.00000000
2025-09-07 22:36:16,matpower/case118/2017-01-24,test,warm,OPTIMAL,12.707000,5679662.326917,49068,89436,5832,5832,0.00000000
2025-09-07 22:36:42,matpower/case118/2017-01-25,test,raw,OPTIMAL,13.074000,5423005.512082,49068,97416,5832,5832,0.00000000
2025-09-07 22:37:10,matpower/case118/2017-01-25,test,warm,OPTIMAL,13.206000,5422726.468085,49068,97416,5832,5832,0.00000000
2025-09-07 22:37:30,matpower/case118/2017-01-28,test,raw,OPTIMAL,6.680000,5574898.725893,49068,45276,5832,5832,0.00000000
2025-09-07 22:37:50,matpower/case118/2017-01-28,test,warm,OPTIMAL,6.575000,5574898.725893,49068,45276,5832,5832,0.00000000
2025-09-07 22:38:11,matpower/case118/2017-01-29,test,raw,OPTIMAL,8.055000,5548562.422801,49068,57526,5832,5832,0.00000000
2025-09-07 22:38:33,matpower/case118/2017-01-29,test,warm,OPTIMAL,8.064000,5757720.644063,49068,57526,5832,5832,0.00000000
2025-09-07 22:38:51,matpower/case118/2017-02-07,test,raw,OPTIMAL,5.305000,4913930.102406,49068,42358,5832,5832,0.00000000
2025-09-07 22:39:14,matpower/case118/2017-02-07,test,warm,OPTIMAL,4.820000,5129339.685880,49068,42358,5832,5832,0.00000000
2025-09-07 22:39:37,matpower/case118/2017-02-12,test,raw,OPTIMAL,9.175000,5592444.453819,49068,57526,5832,5832,0.00000000
2025-09-07 22:40:00,matpower/case118/2017-02-12,test,warm,OPTIMAL,8.863000,5788334.661243,49068,57526,5832,5832,0.00000000
2025-09-07 22:40:25,matpower/case118/2017-02-28,test,raw,OPTIMAL,12.005000,4372284.034888,49068,82254,5832,5832,0.00000000
2025-09-07 22:40:51,matpower/case118/2017-02-28,test,warm,OPTIMAL,11.925000,4520283.601179,49068,82254,5832,5832,0.00000000
2025-09-07 22:41:20,matpower/case118/2017-03-04,test,raw,OPTIMAL,14.228000,4226453.400210,49068,132058,5832,5832,0.00000000
2025-09-07 22:41:49,matpower/case118/2017-03-04,test,warm,OPTIMAL,14.372000,4420338.842747,49068,132058,5832,5832,0.00000000
2025-09-07 22:42:10,matpower/case118/2017-03-07,test,raw,OPTIMAL,8.069000,4038847.598909,49068,51804,5832,5832,0.00000000
2025-09-07 22:42:33,matpower/case118/2017-03-07,test,warm,OPTIMAL,8.924000,4205155.078381,49068,51804,5832,5832,0.00000000
2025-09-07 22:43:01,matpower/case118/2017-03-09,test,raw,OPTIMAL,14.075000,4110255.769613,49068,121116,5832,5832,0.00000000
2025-09-07 22:43:32,matpower/case118/2017-03-09,test,warm,OPTIMAL,15.276000,4109484.929990,49068,121116,5832,5832,0.00000000
2025-09-07 22:43:59,matpower/case118/2017-03-11,test,raw,OPTIMAL,13.778000,5314355.445488,49068,132058,5832,5832,0.00000000
2025-09-07 22:44:33,matpower/case118/2017-03-11,test,warm,OPTIMAL,13.759000,5502584.427333,49068,132058,5832,5832,0.00000000
2025-09-07 22:45:01,matpower/case118/2017-03-14,test,raw,OPTIMAL,14.432000,5411312.272747,49068,93644,5832,5832,0.00000000
2025-09-07 22:45:31,matpower/case118/2017-03-14,test,warm,OPTIMAL,15.179000,5411192.349260,49068,93644,5832,5832,0.00000000
2025-09-07 22:45:55,matpower/case118/2017-03-20,test,raw,OPTIMAL,11.545000,4582671.400448,49068,69108,5832,5832,0.00000000
2025-09-07 22:46:22,matpower/case118/2017-03-20,test,warm,OPTIMAL,11.824000,4581161.418841,49068,69108,5832,5832,0.00000000
2025-09-07 22:46:45,matpower/case118/2017-03-25,test,raw,OPTIMAL,10.506000,3556036.940042,49068,69384,5832,5832,0.00000000
2025-09-07 22:47:10,matpower/case118/2017-03-25,test,warm,OPTIMAL,10.273000,3554699.699659,49068,69384,5832,5832,0.00000000
2025-09-07 22:47:29,matpower/case118/2017-04-07,test,raw,OPTIMAL,6.594000,4321691.114373,49068,42794,5832,5832,0.00000000
2025-09-07 22:47:50,matpower/case118/2017-04-07,test,warm,OPTIMAL,6.964000,4321691.114373,49068,42794,5832,5832,0.00000000
2025-09-07 22:48:17,matpower/case118/2017-04-17,test,raw,OPTIMAL,13.677000,3845241.572704,49068,52836,5832,5832,0.00000000
2025-09-07 22:48:45,matpower/case118/2017-04-17,test,warm,OPTIMAL,14.460000,4000033.226012,49068,52836,5832,5832,0.00000000
2025-09-07 22:49:12,matpower/case118/2017-04-22,test,raw,OPTIMAL,13.883000,3365017.901353,49068,50336,5832,5832,0.00000000
2025-09-07 22:49:39,matpower/case118/2017-04-22,test,warm,OPTIMAL,13.468000,3520504.209117,49068,50336,5832,5832,0.00000000
2025-09-07 22:50:05,matpower/case118/2017-04-25,test,raw,OPTIMAL,13.094000,4110042.807877,49068,64474,5832,5832,0.00000000
2025-09-07 22:50:37,matpower/case118/2017-04-25,test,warm,OPTIMAL,12.982000,4112476.888227,49068,64474,5832,5832,0.00000000
2025-09-07 22:51:06,matpower/case118/2017-05-04,test,raw,OPTIMAL,16.476000,3529328.254132,49068,51102,5832,5832,0.00000000
2025-09-07 22:51:34,matpower/case118/2017-05-04,test,warm,OPTIMAL,13.899000,3574197.817749,49068,51102,5832,5832,0.00000000
2025-09-07 22:51:59,matpower/case118/2017-05-18,test,raw,OPTIMAL,12.424000,5655723.809015,49068,59890,5832,5832,0.00000000
2025-09-07 22:52:25,matpower/case118/2017-05-18,test,warm,OPTIMAL,11.633000,5448976.933598,49068,59890,5832,5832,0.00000000
2025-09-07 22:52:54,matpower/case118/2017-05-22,test,raw,OPTIMAL,16.445000,3841570.655895,49068,62766,5832,5832,0.00000000
2025-09-07 22:53:22,matpower/case118/2017-05-22,test,warm,OPTIMAL,13.608000,3841570.655895,49068,62766,5832,5832,0.00000000
2025-09-07 22:53:52,matpower/case118/2017-05-27,test,raw,OPTIMAL,17.217000,3269129.631247,49068,61492,5832,5832,0.00000000
2025-09-07 22:54:20,matpower/case118/2017-05-27,test,warm,OPTIMAL,14.058000,3269047.507229,49068,61492,5832,5832,0.00000000
2025-09-07 22:54:53,matpower/case118/2017-05-28,test,raw,OPTIMAL,19.378000,3167345.199860,49068,61492,5832,5832,0.00000000
2025-09-07 22:55:24,matpower/case118/2017-05-28,test,warm,OPTIMAL,16.690000,3167265.289054,49068,61492,5832,5832,0.00000000
2025-09-07 22:55:52,matpower/case118/2017-06-10,test,raw,OPTIMAL,15.467000,4724457.798041,49068,60324,5832,5832,0.00000000
2025-09-07 22:56:18,matpower/case118/2017-06-10,test,warm,OPTIMAL,12.291000,4724518.455499,49068,60324,5832,5832,0.00000000
2025-09-07 22:56:43,matpower/case118/2017-06-15,test,raw,OPTIMAL,10.950000,5055652.450509,49068,79642,5832,5832,0.00000000
2025-09-07 22:57:13,matpower/case118/2017-06-15,test,warm,OPTIMAL,11.656000,5052222.268122,49068,79642,5832,5832,0.00000000
2025-09-07 22:57:41,matpower/case118/2017-06-25,test,raw,OPTIMAL,14.652000,5378323.189359,49068,59566,5832,5832,0.00000000
2025-09-07 22:58:08,matpower/case118/2017-06-25,test,warm,OPTIMAL,13.364000,5389890.703334,49068,59566,5832,5832,0.00000000
2025-09-07 22:58:35,matpower/case118/2017-06-28,test,raw,OPTIMAL,14.380000,5601949.039070,49068,59350,5832,5832,0.00000000
2025-09-07 22:59:02,matpower/case118/2017-06-28,test,warm,OPTIMAL,12.636000,5640929.531583,49068,59350,5832,5832,0.00000000
2025-09-07 22:59:30,matpower/case118/2017-07-03,test,raw,OPTIMAL,14.894000,6405253.484085,49068,58980,5832,5832,0.00000000
2025-09-07 22:59:58,matpower/case118/2017-07-03,test,warm,OPTIMAL,13.804000,6430836.422458,49068,58980,5832,5832,0.00000000
2025-09-07 23:00:24,matpower/case118/2017-07-09,test,raw,OPTIMAL,11.111000,5918012.021684,49068,68980,5832,5832,0.00000000
2025-09-07 23:00:50,matpower/case118/2017-07-09,test,warm,OPTIMAL,11.316000,6131203.699964,49068,68980,5832,5832,0.00000000
2025-09-07 23:01:17,matpower/case118/2017-07-14,test,raw,OPTIMAL,14.430000,6883565.115446,49068,60762,5832,5832,0.00000000
2025-09-07 23:01:46,matpower/case118/2017-07-14,test,warm,OPTIMAL,14.639000,6883565.115446,49068,60762,5832,5832,0.00000000
2025-09-07 23:02:11,matpower/case118/2017-07-21,test,raw,OPTIMAL,11.777000,8006369.083503,49068,63420,5832,5832,0.00000000
2025-09-07 23:02:37,matpower/case118/2017-07-21,test,warm,OPTIMAL,12.151000,8006369.083503,49068,63420,5832,5832,0.00000000
2025-09-07 23:03:10,matpower/case118/2017-07-26,test,raw,OPTIMAL,19.910000,5573157.058580,49068,59350,5832,5832,0.00000000
2025-09-07 23:03:42,matpower/case118/2017-07-26,test,warm,OPTIMAL,14.234000,5573751.309895,49068,59350,5832,5832,0.00000000
2025-09-07 23:04:12,matpower/case118/2017-08-09,test,raw,OPTIMAL,16.736000,4804874.167417,49068,69466,5832,5832,0.00000000
2025-09-07 23:04:42,matpower/case118/2017-08-09,test,warm,OPTIMAL,15.174000,4935348.821968,49068,69466,5832,5832,0.00000000
2025-09-07 23:05:14,matpower/case118/2017-08-17,test,raw,OPTIMAL,17.616000,6204389.575916,49068,69466,5832,5832,0.00000000
2025-09-07 23:05:43,matpower/case118/2017-08-17,test,warm,OPTIMAL,14.557000,6264348.289453,49068,69466,5832,5832,0.00000000
2025-09-07 23:06:09,matpower/case118/2017-08-18,test,raw,OPTIMAL,12.824000,6314055.736189,49068,77376,5832,5832,0.00000000
2025-09-07 23:06:35,matpower/case118/2017-08-18,test,warm,OPTIMAL,12.150000,6609327.008976,49068,77376,5832,5832,0.00000000
2025-09-07 23:07:02,matpower/case118/2017-09-02,test,raw,OPTIMAL,13.877000,3677044.847255,49068,61492,5832,5832,0.00000000
2025-09-07 23:07:31,matpower/case118/2017-09-02,test,warm,OPTIMAL,14.343000,3677044.847255,49068,61492,5832,5832,0.00000000
2025-09-07 23:07:55,matpower/case118/2017-09-17,test,raw,OPTIMAL,11.573000,4947218.321797,49068,58366,5832,5832,0.00000000
2025-09-07 23:08:22,matpower/case118/2017-09-17,test,warm,OPTIMAL,12.178000,4988603.841760,49068,58366,5832,5832,0.00000000
2025-09-07 23:08:45,matpower/case118/2017-09-18,test,raw,OPTIMAL,10.821000,5460232.276392,49068,64444,5832,5832,0.00000000
2025-09-07 23:09:11,matpower/case118/2017-09-18,test,warm,OPTIMAL,11.562000,5522056.788278,49068,64444,5832,5832,0.00000000
2025-09-07 23:09:33,matpower/case118/2017-10-01,test,raw,OPTIMAL,9.556000,3415562.132509,49068,49954,5832,5832,0.00000000
2025-09-07 23:09:59,matpower/case118/2017-10-01,test,warm,OPTIMAL,7.261000,3415562.132509,49068,49954,5832,5832,0.00000000
2025-09-07 23:10:22,matpower/case118/2017-10-28,test,raw,OPTIMAL,10.360000,3956805.386788,49068,65272,5832,5832,0.00000000
2025-09-07 23:10:46,matpower/case118/2017-10-28,test,warm,OPTIMAL,9.122000,3842296.222064,49068,65272,5832,5832,0.00000000
2025-09-07 23:11:09,matpower/case118/2017-10-29,test,raw,OPTIMAL,10.651000,4129792.460667,49068,49954,5832,5832,0.00000000
2025-09-07 23:11:31,matpower/case118/2017-10-29,test,warm,OPTIMAL,8.080000,4255410.835487,49068,49954,5832,5832,0.00000000
2025-09-07 23:11:58,matpower/case118/2017-11-13,test,raw,OPTIMAL,13.112000,5006780.584562,49068,104516,5832,5832,0.00000000
2025-09-07 23:12:26,matpower/case118/2017-11-13,test,warm,OPTIMAL,12.681000,5014144.647585,49068,104516,5832,5832,0.00000000
2025-09-07 23:12:51,matpower/case118/2017-11-30,test,raw,OPTIMAL,11.646000,5327057.835042,49068,97416,5832,5832,0.00000000
2025-09-07 23:13:18,matpower/case118/2017-11-30,test,warm,OPTIMAL,12.471000,5273903.440782,49068,97416,5832,5832,0.00000000
2025-09-07 23:13:36,matpower/case118/2017-12-06,test,raw,OPTIMAL,5.588000,5591136.135557,49068,42192,5832,5832,0.00000000
2025-09-07 23:13:56,matpower/case118/2017-12-06,test,warm,OPTIMAL,5.930000,5585426.320581,49068,42192,5832,5832,0.00000000
2025-09-07 23:14:28,matpower/case118/2017-12-18,test,raw,OPTIMAL,18.830000,7224018.338950,49068,83644,5832,5832,3.41305107
2025-09-07 23:15:02,matpower/case118/2017-12-18,test,warm,OPTIMAL,19.114000,7239584.899674,49068,83644,5832,5832,0.00000000
2025-09-07 23:15:44,matpower/case118/2017-12-20,test,raw,OPTIMAL,23.329000,6853264.635246,49068,120008,5832,5832,0.00000000
2025-09-07 23:16:22,matpower/case118/2017-12-20,test,warm,OPTIMAL,23.314000,7024966.634181,49068,120008,5832,5832,0.00000000
2025-09-07 23:16:55,matpower/case118/2017-12-22,test,raw,OPTIMAL,19.772000,6710759.707876,49068,62022,5832,5832,0.00000000
2025-09-07 23:17:23,matpower/case118/2017-12-22,test,warm,OPTIMAL,14.105000,6992303.159182,49068,62022,5832,5832,27.91104808
